Epinephelus.costae,Epinephelus.marginatus,Mycteroperca.rubra,Serranus.cabrilla,Serranus.scriba,mpa,temp,depth,prod
0,0,0,0,0,TRUE,1.5418099558534775,-0.8820885375081275,2.355932232252419
0,0,0,0,0,TRUE,1.5418099558534775,-1.0799324574311477,2.355932232252419
0,0,0,0,0,TRUE,1.5418099558534775,-0.5853226576235971,2.355932232252419
0,0,0,0,0,FALSE,1.5418099558534775,-1.376698337315678,2.355932232252419
0,0,0,0,0,FALSE,1.5418099558534775,-0.7435977935620134,2.355932232252419
0,0,0,0,0,FALSE,1.5418099558534775,-0.7435977935620134,2.355932232252419
0,0,0,0,0,FALSE,1.5418099558534775,-0.7435977935620134,2.355932232252419
0,0,1,0,0,TRUE,1.5418099558534775,-0.9414417134850336,2.355932232252419
0,0,0,0,0,TRUE,1.5418099558534775,-0.9414417134850336,2.355932232252419
0,0,0,0,0,TRUE,1.5418099558534775,-0.8227353615312215,2.355932232252419
0,0,0,0,0,TRUE,1.5418099558534775,-0.8227353615312215,2.355932232252419
0,0,0,0,0,FALSE,1.5418099558534775,-1.4756202972771884,2.355932232252419
0,0,0,0,0,FALSE,1.5418099558534775,-1.4756202972771884,2.355932232252419
0,0,0,0,0,FALSE,1.5418099558534775,-1.4756202972771884,2.355932232252419
0,0,0,0,0,FALSE,1.5418099558534775,-1.4756202972771884,2.355932232252419
0,0,1,0,0,TRUE,1.5418099558534775,0.24562180605308767,2.355932232252419
0,0,2,0,0,TRUE,1.5418099558534775,0.24562180605308767,2.355932232252419
0,0,0,0,0,TRUE,1.5418099558534775,-0.8029509695389194,2.355932232252419
0,0,0,0,0,TRUE,1.5418099558534775,-0.8029509695389194,2.355932232252419
0,0,0,0,0,TRUE,1.5418099558534775,-0.44471215733606667,2.355932232252419
0,0,1,0,0,FALSE,1.5418099558534775,0.10713106210697365,2.355932232252419
0,0,0,0,0,FALSE,1.5418099558534775,0.10713106210697365,2.355932232252419
0,0,1,0,0,FALSE,1.5418099558534775,-0.031359681839140376,2.355932232252419
0,0,1,0,0,FALSE,1.5418099558534775,-0.031359681839140376,2.355932232252419
0,0,0,0,0,FALSE,1.5418099558534775,-1.257991985361866,2.355932232252419
0,0,0,0,0,FALSE,1.5418099558534775,-1.257991985361866,2.355932232252419
0,0,0,0,0,FALSE,1.5418099558534775,-1.5151890812617923,2.355932232252419
0,0,0,0,0,FALSE,1.5418099558534775,-1.5151890812617923,2.355932232252419
0,0,3,0,0,TRUE,1.5418099558534775,-0.9810104974696376,2.355932232252419
0,0,0,0,0,TRUE,1.5418099558534775,-0.9810104974696376,2.355932232252419
0,0,1,0,0,TRUE,1.5418099558534775,-0.9612261054773357,2.355932232252419
0,0,1,0,0,TRUE,1.5418099558534775,-0.7040290095774092,2.355932232252419
0,0,2,0,0,TRUE,1.5418099558534775,-0.1896348177775567,2.355932232252419
0,0,1,0,0,TRUE,1.5418099558534775,-0.3281255617236709,2.355932232252419
0,0,0,0,0,TRUE,1.5418099558534775,-0.5457538736389931,2.355932232252419
0,0,0,0,0,TRUE,1.5418099558534775,-0.5655382656312953,2.355932232252419
0,0,0,0,0,TRUE,1.5418099558534775,-0.5655382656312953,2.355932232252419
0,0,0,0,0,TRUE,1.5418099558534775,-1.277776377354168,2.355932232252419
0,0,1,0,0,TRUE,1.5418099558534775,-1.277776377354168,2.355932232252419
0,0,0,0,0,TRUE,1.5418099558534775,-1.277776377354168,2.355932232252419
0,0,0,0,0,TRUE,1.5418099558534775,-1.277776377354168,2.355932232252419
0,0,0,0,0,TRUE,1.5418099558534775,-0.48640069766208704,2.355932232252419
0,0,0,0,0,TRUE,1.5418099558534775,-0.48640069766208704,2.355932232252419
0,0,0,2,0,TRUE,1.5418099558534775,-0.48640069766208704,2.355932232252419
0,0,0,0,0,TRUE,1.5418099558534775,-0.48640069766208704,2.355932232252419
0,0,0,0,0,TRUE,1.5418099558534775,-0.9414417134850336,2.355932232252419
0,0,0,0,0,TRUE,1.5418099558534775,-0.9414417134850336,2.355932232252419
0,0,0,0,0,TRUE,1.5418099558534775,-0.9414417134850336,2.355932232252419
0,0,1,0,0,TRUE,1.5418099558534775,-0.9414417134850336,2.355932232252419
0,0,2,2,0,FALSE,1.5418099558534775,0.4830345099607122,2.355932232252419
0,0,3,0,0,FALSE,1.5418099558534775,0.5028189019530142,2.355932232252419
0,0,0,0,0,FALSE,1.5418099558534775,-1.4162671213002822,2.355932232252419
0,0,0,0,0,FALSE,1.5418099558534775,-1.4162671213002822,2.355932232252419
0,0,2,0,0,FALSE,1.5418099558534775,-1.4756202972771884,2.355932232252419
1,0,0,0,0,TRUE,1.5418099558534775,-1.0799324574311477,2.355932232252419
0,0,0,0,0,TRUE,1.5418099558534775,-1.0799324574311477,2.355932232252419
0,0,0,0,0,TRUE,1.5418099558534775,-1.0799324574311477,2.355932232252419
0,0,0,0,0,TRUE,1.5418099558534775,-1.0799324574311477,2.355932232252419
1,0,0,0,0,TRUE,1.5418099558534775,-1.0799324574311477,2.355932232252419
0,0,0,0,0,TRUE,1.5418099558534775,-1.0997168494234497,2.355932232252419
0,0,0,0,0,TRUE,1.5418099558534775,-1.119501241415752,2.355932232252419
0,1,1,0,0,TRUE,1.5418099558534775,-0.9216573214927316,2.355932232252419
0,0,0,0,0,TRUE,1.5418099558534775,-0.9810104974696376,2.355932232252419
0,0,0,0,0,TRUE,1.5418099558534775,-0.9810104974696376,2.355932232252419
0,0,0,0,0,TRUE,1.5418099558534775,-0.9810104974696376,2.355932232252419
0,0,0,0,0,TRUE,1.5418099558534775,-1.337129553331074,2.355932232252419
0,0,0,0,0,TRUE,1.5418099558534775,-1.337129553331074,2.355932232252419
0,0,0,0,0,TRUE,1.5418099558534775,-1.337129553331074,2.355932232252419
0,0,0,0,0,TRUE,1.5418099558534775,-1.337129553331074,2.355932232252419
0,0,0,0,0,TRUE,1.5418099558534775,-1.337129553331074,2.355932232252419
0,0,0,0,0,TRUE,1.5418099558534775,-1.337129553331074,2.355932232252419
0,0,0,0,0,FALSE,1.5418099558534775,-1.4756202972771884,2.355932232252419
0,0,0,0,0,FALSE,1.5418099558534775,-1.4756202972771884,2.355932232252419
0,0,0,0,0,FALSE,1.5418099558534775,-1.4756202972771884,2.355932232252419
0,0,0,0,0,FALSE,1.5418099558534775,-1.4756202972771884,2.355932232252419
0,0,2,0,0,FALSE,1.5418099558534775,-0.8820885375081275,2.355932232252419
0,0,0,0,0,FALSE,1.5418099558534775,-0.8820885375081275,2.355932232252419
0,0,0,0,0,FALSE,1.5418099558534775,-1.1788544173926578,2.355932232252419
0,0,0,0,0,TRUE,1.5418099558534775,-0.8820885375081275,2.355932232252419
0,0,1,0,0,TRUE,1.5418099558534775,-0.8820885375081275,2.355932232252419
0,0,0,0,0,TRUE,1.5418099558534775,-1.1788544173926578,2.355932232252419
0,0,0,0,0,TRUE,1.5418099558534775,-1.1788544173926578,2.355932232252419
0,0,1,0,0,TRUE,1.5418099558534775,-1.317345161338772,2.355932232252419
0,0,1,0,0,TRUE,1.5418099558534775,-1.49540468926949,2.355932232252419
0,4,0,0,0,TRUE,1.5418099558534775,-1.1392856334080539,2.355932232252419
0,0,0,0,0,TRUE,1.5418099558534775,-1.1590700254003559,2.355932232252419
0,0,0,0,0,TRUE,1.5418099558534775,-1.4162671213002822,2.355932232252419
0,0,0,0,0,TRUE,1.5418099558534775,-1.277776377354168,2.355932232252419
0,1,0,0,0,TRUE,1.5418099558534775,-1.317345161338772,2.355932232252419
1,0,1,0,0,FALSE,1.5418099558534775,-1.119501241415752,2.355932232252419
0,0,0,0,0,FALSE,1.5418099558534775,-1.4360515132925842,2.355932232252419
0,0,2,0,0,TRUE,1.5418099558534775,-1.0799324574311477,2.355932232252419
0,1,0,0,0,TRUE,1.5418099558534775,-1.0799324574311477,2.355932232252419
0,0,0,0,0,TRUE,1.5418099558534775,-1.0799324574311477,2.355932232252419
0,0,0,0,0,TRUE,1.5418099558534775,-1.0799324574311477,2.355932232252419
0,2,0,0,0,FALSE,1.5418099558534775,-1.0799324574311477,2.355932232252419
0,0,0,0,0,FALSE,1.5418099558534775,-1.0799324574311477,2.355932232252419
0,1,0,0,0,FALSE,1.5418099558534775,-1.0799324574311477,2.355932232252419
0,0,0,0,0,FALSE,1.5418099558534775,-1.0799324574311477,2.355932232252419
0,4,4,0,0,TRUE,1.5418099558534775,-1.277776377354168,2.355932232252419
0,3,3,0,0,TRUE,1.5418099558534775,-1.277776377354168,2.355932232252419
0,0,0,0,0,FALSE,1.5418099558534775,-1.376698337315678,2.355932232252419
0,0,0,0,0,FALSE,1.5418099558534775,-1.376698337315678,2.355932232252419
0,0,0,0,0,TRUE,1.5418099558534775,-0.8820885375081275,2.355932232252419
0,0,3,0,0,TRUE,1.5418099558534775,-0.8820885375081275,2.355932232252419
0,0,0,4,0,TRUE,1.5418099558534775,-0.8820885375081275,2.355932232252419
0,0,0,0,0,TRUE,1.5418099558534775,-0.8820885375081275,2.355932232252419
0,0,0,0,0,FALSE,1.5418099558534775,-1.0799324574311477,2.355932232252419
0,1,0,0,0,FALSE,1.5418099558534775,-1.0799324574311477,2.355932232252419
0,2,1,0,0,FALSE,1.5418099558534775,-1.4756202972771884,2.355932232252419
0,0,0,0,0,FALSE,1.5418099558534775,-1.277776377354168,2.355932232252419
0,0,0,0,0,FALSE,1.5422588300632925,-0.8820885375081275,1.3020805049884145
0,0,0,0,0,FALSE,1.5422588300632925,-1.4756202972771884,1.3020805049884145
0,0,0,2,0,FALSE,1.5422588300632925,-0.6842446175851074,1.3020805049884145
0,0,0,0,0,FALSE,1.5422588300632925,-1.0799324574311477,1.3020805049884145
0,0,0,0,0,FALSE,1.5422588300632925,-1.0799324574311477,1.3020805049884145
0,0,0,0,0,FALSE,1.5422588300632925,-1.0799324574311477,1.3020805049884145
0,0,0,0,0,FALSE,1.5422588300632925,-1.0799324574311477,1.3020805049884145
0,0,0,0,0,FALSE,1.5422588300632925,-0.6842446175851074,1.3020805049884145
0,0,0,0,0,FALSE,1.5422588300632925,-0.6842446175851074,1.3020805049884145
0,0,0,0,0,FALSE,1.5422588300632925,-0.6842446175851074,1.3020805049884145
0,0,0,0,0,FALSE,1.5422588300632925,-1.0799324574311477,1.3020805049884145
0,0,0,0,0,FALSE,1.5422588300632925,-1.0799324574311477,1.3020805049884145
0,0,0,0,0,FALSE,1.5422588300632925,-1.4756202972771884,1.3020805049884145
0,0,0,0,0,FALSE,1.5422588300632925,-1.4756202972771884,1.3020805049884145
0,0,0,0,0,FALSE,1.5422588300632925,-0.8820885375081275,1.3020805049884145
0,0,0,0,0,FALSE,1.5422588300632925,-0.6842446175851074,1.3020805049884145
0,0,0,0,0,FALSE,1.5422588300632925,-1.277776377354168,1.3020805049884145
0,0,0,0,0,FALSE,1.5422588300632925,-1.277776377354168,1.3020805049884145
0,1,0,0,0,FALSE,1.5422588300632925,-1.277776377354168,1.3020805049884145
0,0,0,0,0,FALSE,1.5422588300632925,-1.1986388093849598,1.3020805049884145
0,0,1,0,0,FALSE,1.5422588300632925,-0.6842446175851074,1.3020805049884145
0,3,1,0,0,FALSE,1.5422588300632925,-0.8820885375081275,1.3020805049884145
0,2,0,0,0,FALSE,1.5422588300632925,-0.8820885375081275,1.3020805049884145
0,0,0,0,0,FALSE,1.5422588300632925,-0.716394254572598,1.3020805049884145
0,0,0,0,0,FALSE,1.5422588300632925,-0.7076261717218563,1.3020805049884145
0,1,0,0,0,FALSE,1.5422588300632925,-0.6842446175851074,1.3020805049884145
0,0,0,0,0,FALSE,1.5422588300632925,-0.6842446175851074,1.3020805049884145
0,0,0,0,0,FALSE,1.5422588300632925,-0.7062272753323491,1.3020805049884145
0,1,0,0,0,FALSE,1.5422588300632925,-0.6990829115793339,1.3020805049884145
0,0,0,0,0,FALSE,1.5422588300632925,-1.1788544173926578,1.3020805049884145
0,0,0,0,0,FALSE,1.5422588300632925,-1.1788544173926578,1.3020805049884145
0,0,0,0,0,FALSE,1.5422588300632925,-1.376698337315678,1.3020805049884145
0,0,0,0,0,FALSE,1.5422588300632925,-1.1986388093849598,1.3020805049884145
0,0,2,0,0,FALSE,1.5422588300632925,-1.1986388093849598,1.3020805049884145
0,0,0,0,0,FALSE,1.5422588300632925,-1.1590700254003559,1.3020805049884145
0,0,0,0,0,FALSE,1.5422588300632925,0.5028189019530142,1.3020805049884145
0,0,0,0,0,FALSE,1.5422588300632925,-1.29756076934647,1.3020805049884145
0,1,0,0,0,FALSE,1.5422588300632925,-1.238207593369564,1.3020805049884145
0,0,0,0,0,FALSE,1.5422588300632925,-1.29756076934647,1.3020805049884145
0,0,0,0,0,FALSE,1.5422588300632925,-1.376698337315678,1.3020805049884145
0,0,0,0,0,FALSE,1.5422588300632925,-1.337129553331074,1.3020805049884145
0,0,0,0,0,FALSE,1.5422588300632925,-1.277776377354168,1.3020805049884145
0,0,0,0,0,FALSE,1.5422588300632925,-1.257991985361866,1.3020805049884145
0,0,0,0,0,FALSE,1.5422588300632925,-1.277776377354168,1.3020805049884145
0,0,0,0,0,FALSE,1.5422588300632925,-1.376698337315678,1.3020805049884145
0,0,0,0,0,FALSE,1.5422588300632925,-1.376698337315678,1.3020805049884145
0,0,0,0,0,FALSE,1.5422588300632925,-1.376698337315678,1.3020805049884145
0,0,0,0,0,FALSE,1.5422588300632925,-1.4162671213002822,1.3020805049884145
0,0,0,0,0,FALSE,1.5422588300632925,-1.277776377354168,1.3020805049884145
0,0,0,2,0,FALSE,1.5422588300632925,-1.277776377354168,1.3020805049884145
0,0,0,0,0,FALSE,1.5422588300632925,-1.1788544173926578,1.3020805049884145
0,0,1,0,0,FALSE,1.5422588300632925,-1.1788544173926578,1.3020805049884145
0,0,1,0,0,FALSE,1.5422588300632925,-1.1788544173926578,1.3020805049884145
0,0,0,0,0,FALSE,1.5422588300632925,-1.238207593369564,1.3020805049884145
0,0,0,0,0,FALSE,1.5422588300632925,-0.8820885375081275,1.3020805049884145
0,0,0,0,0,FALSE,1.5422588300632925,-0.8820885375081275,1.3020805049884145
0,0,0,0,0,FALSE,1.5422588300632925,-1.4162671213002822,1.3020805049884145
0,0,1,0,0,FALSE,1.5422588300632925,-1.4162671213002822,1.3020805049884145
0,0,0,0,0,FALSE,1.5422588300632925,-1.4756202972771884,1.3020805049884145
0,0,0,0,0,FALSE,1.5422588300632925,-1.4756202972771884,1.3020805049884145
0,0,0,0,0,FALSE,1.5422588300632925,-1.4756202972771884,1.3020805049884145
0,0,0,0,0,FALSE,1.5422588300632925,-1.218423201377262,1.3020805049884145
0,0,0,0,0,FALSE,1.5422588300632925,-1.4756202972771884,1.3020805049884145
0,0,1,0,0,FALSE,1.5422588300632925,-1.4756202972771884,1.3020805049884145
0,0,0,0,0,FALSE,1.5422588300632925,-1.4756202972771884,1.3020805049884145
0,0,0,0,0,FALSE,1.5422588300632925,-1.376698337315678,1.3020805049884145
0,1,0,0,0,FALSE,1.5422588300632925,-1.3569139453233763,1.3020805049884145
0,0,0,0,0,FALSE,1.5422588300632925,-1.39648272930798,1.3020805049884145
0,0,0,0,0,FALSE,1.5422588300632925,-1.4360515132925842,1.3020805049884145
0,0,0,0,0,FALSE,1.5422588300632925,-0.9414417134850336,1.3020805049884145
0,0,0,0,0,FALSE,1.5422588300632925,-1.238207593369564,1.3020805049884145
0,0,0,0,0,FALSE,1.5422588300632925,-1.0799324574311477,1.3020805049884145
0,0,1,0,1,FALSE,1.5422588300632925,-0.6842446175851074,1.3020805049884145
0,0,2,0,0,FALSE,1.5422588300632925,-0.6842446175851074,1.3020805049884145
0,0,0,0,0,FALSE,1.5422588300632925,-1.277776377354168,1.3020805049884145
0,0,0,0,0,FALSE,1.5422588300632925,-1.277776377354168,1.3020805049884145
0,0,0,0,1,FALSE,1.5422588300632925,-1.4756202972771884,1.3020805049884145
0,0,0,0,0,FALSE,1.5422588300632925,-1.277776377354168,1.3020805049884145
0,0,0,0,0,FALSE,1.5422588300632925,-1.1590700254003559,1.3020805049884145
0,1,1,0,0,FALSE,1.5422588300632925,-1.29756076934647,1.3020805049884145
0,0,1,0,0,FALSE,1.5422588300632925,-1.1392856334080539,1.3020805049884145
0,0,0,0,0,FALSE,1.5422588300632925,-1.0997168494234497,1.3020805049884145
0,0,0,0,0,FALSE,1.5422588300632925,-1.337129553331074,1.3020805049884145
0,0,0,0,0,FALSE,1.5422588300632925,-1.4162671213002822,1.3020805049884145
0,0,0,0,0,FALSE,1.5422588300632925,-0.8820885375081275,1.3020805049884145
0,0,0,0,0,FALSE,1.5422588300632925,-1.3569139453233763,1.3020805049884145
0,0,1,0,0,FALSE,1.5422588300632925,-1.1392856334080539,1.3020805049884145
0,1,4,0,0,FALSE,1.5422588300632925,-1.1392856334080539,1.3020805049884145
0,0,0,0,0,FALSE,1.5422588300632925,-1.29756076934647,1.3020805049884145
0,1,0,0,0,FALSE,1.5422588300632925,-1.29756076934647,1.3020805049884145
0,0,0,0,0,FALSE,1.5422588300632925,-1.317345161338772,1.3020805049884145
0,1,0,0,0,FALSE,1.5422588300632925,-1.4756202972771884,1.3020805049884145
0,0,1,0,1,TRUE,1.4934583109849198,0.5028189019530142,1.1142469355365312
0,0,0,0,0,TRUE,1.4934583109849198,0.5028189019530142,1.1142469355365312
0,0,0,0,0,FALSE,1.4934583109849198,-0.8820885375081275,1.1142469355365312
0,0,0,2,0,FALSE,1.4934583109849198,-0.8820885375081275,1.1142469355365312
0,0,0,0,0,FALSE,1.4934583109849198,1.294194581645095,1.1142469355365312
0,0,0,0,0,FALSE,1.4934583109849198,1.294194581645095,1.1142469355365312
0,0,0,0,0,FALSE,1.4934583109849198,-1.0799324574311477,1.1142469355365312
0,0,0,0,0,FALSE,1.4934583109849198,-1.0799324574311477,1.1142469355365312
0,0,1,0,0,TRUE,1.4934583109849198,-0.09071285781604659,1.1142469355365312
0,0,0,0,1,TRUE,1.4934583109849198,-0.09071285781604659,1.1142469355365312
0,0,0,0,0,TRUE,1.4934583109849198,-0.6842446175851074,1.1142469355365312
0,0,0,0,0,TRUE,1.4934583109849198,-0.6842446175851074,1.1142469355365312
0,0,0,0,0,TRUE,1.4934583109849198,0.10713106210697365,1.1142469355365312
0,0,0,0,0,TRUE,1.4934583109849198,0.10713106210697365,1.1142469355365312
0,0,0,0,0,TRUE,1.4934583109849198,-0.5655382656312953,1.1142469355365312
0,0,0,0,0,TRUE,1.4934583109849198,-0.5655382656312953,1.1142469355365312
0,1,2,8,0,FALSE,1.4934583109849198,1.5513916775450216,1.1142469355365312
0,0,0,0,0,FALSE,1.4934583109849198,1.5513916775450216,1.1142469355365312
0,0,0,0,0,FALSE,1.4934583109849198,-0.8820885375081275,1.1142469355365312
0,0,0,0,0,FALSE,1.4934583109849198,-0.8820885375081275,1.1142469355365312
0,0,0,0,0,FALSE,1.4934583109849198,-1.0997168494234497,1.1142469355365312
0,0,0,0,0,FALSE,1.4934583109849198,-1.0997168494234497,1.1142469355365312
0,0,0,0,0,FALSE,1.4934583109849198,-1.1986388093849598,1.1142469355365312
0,0,0,0,0,FALSE,1.4934583109849198,-1.1986388093849598,1.1142469355365312
0,0,0,0,0,TRUE,1.4934583109849198,-0.8820885375081275,1.1142469355365312
0,0,0,0,0,TRUE,1.4934583109849198,-0.8820885375081275,1.1142469355365312
0,0,0,0,0,TRUE,1.4934583109849198,-0.8820885375081275,1.1142469355365312
0,0,0,0,0,TRUE,1.4934583109849198,-0.8820885375081275,1.1142469355365312
0,2,0,0,0,TRUE,1.4934583109849198,0.8985067417990545,1.1142469355365312
0,0,0,0,0,TRUE,1.4934583109849198,0.8985067417990545,1.1142469355365312
0,0,0,0,0,FALSE,1.4934583109849198,1.6107448535219278,1.1142469355365312
0,0,3,0,1,FALSE,1.4934583109849198,1.5909604615296253,1.1142469355365312
0,0,2,0,0,FALSE,1.4934583109849198,1.5909604615296253,1.1142469355365312
0,0,1,0,0,FALSE,1.4934583109849198,-1.257991985361866,1.1142469355365312
0,0,0,0,0,FALSE,1.4934583109849198,-1.277776377354168,1.1142469355365312
0,0,0,0,0,FALSE,1.4934583109849198,-1.0799324574311477,1.1142469355365312
0,0,0,0,0,FALSE,1.4934583109849198,-1.257991985361866,1.1142469355365312
0,0,0,0,0,TRUE,1.4934583109849198,-0.30834116973136877,1.1142469355365312
0,1,0,0,0,TRUE,1.4934583109849198,-0.30834116973136877,1.1142469355365312
0,0,0,0,0,TRUE,1.4934583109849198,-0.446831913677483,1.1142469355365312
0,0,0,0,0,TRUE,1.4934583109849198,-0.8425197535235235,1.1142469355365312
0,0,1,0,0,TRUE,1.4934583109849198,-0.8425197535235235,1.1142469355365312
0,0,2,0,0,TRUE,1.4934583109849198,-0.9216573214927316,1.1142469355365312
0,0,0,0,0,FALSE,1.4934583109849198,-1.0601480654388458,1.1142469355365312
0,0,0,0,0,FALSE,1.4934583109849198,-1.0007948894619396,1.1142469355365312
0,1,0,0,0,FALSE,1.4934583109849198,-1.0007948894619396,1.1142469355365312
0,0,0,0,0,FALSE,1.4934583109849198,-1.0601480654388458,1.1142469355365312
0,0,0,0,0,TRUE,1.4934583109849198,0.10713106210697365,1.1142469355365312
0,0,0,0,0,TRUE,1.4934583109849198,0.10713106210697365,1.1142469355365312
0,1,0,0,0,TRUE,1.4934583109849198,0.20605302206848378,1.1142469355365312
0,0,0,0,0,TRUE,1.4934583109849198,0.16648423808387985,1.1142469355365312
0,0,1,0,2,TRUE,1.4934583109849198,0.16648423808387985,1.1142469355365312
0,0,0,0,1,TRUE,1.4934583109849198,0.3049749820299939,1.1142469355365312
0,0,1,0,0,TRUE,1.4934583109849198,0.3049749820299939,1.1142469355365312
0,3,0,0,1,TRUE,1.4934583109849198,0.5028189019530142,1.1142469355365312
0,0,0,0,1,TRUE,1.4934583109849198,0.5028189019530142,1.1142469355365312
0,0,0,0,0,TRUE,1.4934583109849198,0.5028189019530142,1.1142469355365312
0,0,0,0,0,TRUE,1.4934583109849198,0.5028189019530142,1.1142469355365312
0,0,3,0,0,TRUE,1.4934583109849198,-0.48640069766208704,1.1142469355365312
0,0,1,0,0,TRUE,1.4934583109849198,-0.48640069766208704,1.1142469355365312
0,0,0,0,0,TRUE,1.4934583109849198,-0.48640069766208704,1.1142469355365312
0,0,0,0,0,TRUE,1.4934583109849198,-0.48640069766208704,1.1142469355365312
0,0,0,0,0,TRUE,1.4934583109849198,0.8985067417990545,1.1142469355365312
0,0,0,0,1,TRUE,1.4934583109849198,0.8985067417990545,1.1142469355365312
0,0,0,0,0,TRUE,1.4934583109849198,-0.48640069766208704,1.1142469355365312
0,0,1,0,0,TRUE,1.4934583109849198,-0.48640069766208704,1.1142469355365312
0,0,0,0,0,TRUE,1.4934583109849198,-0.48640069766208704,1.1142469355365312
0,0,1,0,0,TRUE,1.4934583109849198,-0.48640069766208704,1.1142469355365312
1,0,1,0,0,TRUE,1.4934583109849198,0.6610940378914304,1.1142469355365312
0,0,0,0,0,FALSE,1.4934583109849198,-0.6842446175851074,1.1142469355365312
0,0,0,0,0,FALSE,1.4934583109849198,-0.6842446175851074,1.1142469355365312
0,0,0,0,0,FALSE,1.4934583109849198,-0.6842446175851074,1.1142469355365312
0,0,0,0,0,FALSE,1.4934583109849198,-0.6842446175851074,1.1142469355365312
0,0,1,0,1,TRUE,1.4934583109849198,0.8985067417990545,1.1142469355365312
0,0,0,2,0,TRUE,1.4934583109849198,0.8985067417990545,1.1142469355365312
0,0,0,0,0,TRUE,1.4934583109849198,-0.6842446175851074,1.1142469355365312
0,0,0,0,0,TRUE,1.4934583109849198,-0.8820885375081275,1.1142469355365312
0,0,0,0,0,TRUE,1.4934583109849198,-0.7040290095774092,1.1142469355365312
0,0,0,0,0,TRUE,1.4934583109849198,-0.6842446175851074,1.1142469355365312
0,0,2,0,0,FALSE,1.4934583109849198,0.8985067417990545,1.1142469355365312
0,0,0,0,0,FALSE,1.4934583109849198,0.8532852741054443,1.1142469355365312
0,0,0,0,0,FALSE,1.4934583109849198,-1.277776377354168,1.1142469355365312
0,0,0,0,0,FALSE,1.4934583109849198,-1.277776377354168,1.1142469355365312
0,0,0,0,0,FALSE,1.4934583109849198,-1.277776377354168,1.1142469355365312
0,0,0,2,0,FALSE,1.4934583109849198,1.3931165416066051,1.1142469355365312
0,0,0,2,0,FALSE,1.4934583109849198,1.3931165416066051,1.1142469355365312
0,0,0,0,0,TRUE,1.4934583109849198,-0.5457538736389931,1.1142469355365312
0,0,0,0,0,TRUE,1.4934583109849198,-0.5259694816466911,1.1142469355365312
0,0,1,0,0,TRUE,1.4934583109849198,-0.7238134015697114,1.1142469355365312
0,0,5,0,0,FALSE,1.4934583109849198,0.8391535658221484,1.1142469355365312
0,0,0,0,0,FALSE,1.4934583109849198,0.8193691738298464,1.1142469355365312
0,0,0,0,0,FALSE,1.4934583109849198,0.7402316058606383,1.1142469355365312
0,0,1,0,0,TRUE,1.4934583109849198,-0.8820885375081275,1.1142469355365312
0,0,2,0,0,TRUE,1.4934583109849198,-0.8820885375081275,1.1142469355365312
0,0,0,0,0,TRUE,1.4934583109849198,-0.8820885375081275,1.1142469355365312
1,0,0,0,0,TRUE,1.4934583109849198,0.6413096458991282,1.1142469355365312
0,0,0,0,0,TRUE,1.4934583109849198,0.7402316058606383,1.1142469355365312
0,0,0,0,0,TRUE,1.4934583109849198,0.7402316058606383,1.1142469355365312
1,0,0,0,0,TRUE,1.4934583109849198,0.7402316058606383,1.1142469355365312
0,0,0,0,0,FALSE,1.4934583109849198,-1.4756202972771884,1.1142469355365312
0,0,0,0,0,FALSE,1.4934583109849198,-1.4756202972771884,1.1142469355365312
0,4,1,0,0,FALSE,1.4934583109849198,-1.1590700254003559,1.1142469355365312
0,0,0,0,0,FALSE,1.4934583109849198,-1.337129553331074,1.1142469355365312
0,0,0,0,0,TRUE,1.4934583109849198,1.0963506617220748,1.1142469355365312
0,0,0,0,0,TRUE,1.4934583109849198,1.0963506617220748,1.1142469355365312
0,0,0,0,0,TRUE,1.4934583109849198,1.0963506617220748,1.1142469355365312
0,0,0,0,0,TRUE,1.4934583109849198,1.0963506617220748,1.1142469355365312
0,0,0,0,0,FALSE,1.4934583109849198,-0.3479099537159729,1.1142469355365312
0,0,0,0,0,FALSE,1.4934583109849198,-0.3479099537159729,1.1142469355365312
0,0,0,0,0,FALSE,1.4934583109849198,-0.3479099537159729,1.1142469355365312
0,0,0,0,0,FALSE,1.4934583109849198,-0.3479099537159729,1.1142469355365312
0,0,0,0,0,TRUE,1.4934583109849198,0.8589379578144507,1.1142469355365312
0,0,2,0,0,TRUE,1.4934583109849198,0.8589379578144507,1.1142469355365312
0,0,0,0,0,TRUE,1.4934583109849198,0.8589379578144507,1.1142469355365312
0,1,4,0,0,TRUE,1.4934583109849198,0.8589379578144507,1.1142469355365312
0,0,0,0,0,FALSE,1.4934583109849198,-1.0799324574311477,1.1142469355365312
0,0,0,0,0,FALSE,1.4934583109849198,-1.0799324574311477,1.1142469355365312
0,0,0,0,0,FALSE,1.4934583109849198,-1.0799324574311477,1.1142469355365312
0,0,0,0,0,FALSE,1.4934583109849198,-1.0799324574311477,1.1142469355365312
0,0,2,0,0,FALSE,1.4934583109849198,0.7995847818375444,1.1142469355365312
0,0,0,0,0,FALSE,1.4934583109849198,0.7995847818375444,1.1142469355365312
0,0,0,0,0,FALSE,1.4934583109849198,0.7995847818375444,1.1142469355365312
0,0,0,0,0,TRUE,1.4934583109849198,-0.9810104974696376,1.1142469355365312
0,0,0,0,0,TRUE,1.4934583109849198,-0.9810104974696376,1.1142469355365312
0,0,0,0,0,TRUE,1.4934583109849198,-0.9810104974696376,1.1142469355365312
0,0,0,0,0,TRUE,1.43204244945236,3.3517713488445056,1.1976328841538044
0,0,0,2,0,TRUE,1.43204244945236,3.3517713488445056,1.1976328841538044
0,1,0,0,0,TRUE,1.43204244945236,0.6808784298837324,1.1976328841538044
0,1,0,0,0,TRUE,1.43204244945236,0.6808784298837324,1.1976328841538044
0,0,2,0,0,TRUE,1.43204244945236,2.144923437314082,1.1976328841538044
0,0,1,0,0,TRUE,1.43204244945236,2.144923437314082,1.1976328841538044
0,1,0,0,0,TRUE,1.43204244945236,0.3247593740222958,1.1976328841538044
0,0,0,0,0,TRUE,1.43204244945236,0.3643281580069001,1.1976328841538044
0,0,0,0,0,FALSE,1.43204244945236,2.085570261337176,1.1976328841538044
0,0,0,0,0,FALSE,1.43204244945236,0.10713106210697365,1.1976328841538044
0,0,0,0,0,FALSE,1.43204244945236,0.10713106210697365,1.1976328841538044
0,0,0,0,0,FALSE,1.43204244945236,-0.48640069766208704,1.1976328841538044
0,0,0,0,0,FALSE,1.43204244945236,-0.48640069766208704,1.1976328841538044
0,0,0,0,0,FALSE,1.43204244945236,-0.9810104974696376,1.1976328841538044
0,0,0,0,0,FALSE,1.43204244945236,-0.9810104974696376,1.1976328841538044
0,0,0,0,0,FALSE,1.43204244945236,-0.9810104974696376,1.1976328841538044
0,0,0,0,0,FALSE,1.43204244945236,2.2834141812601962,1.1976328841538044
0,0,0,0,0,FALSE,1.43204244945236,2.2834141812601962,1.1976328841538044
0,0,1,0,0,FALSE,1.43204244945236,0.027993494137765484,1.1976328841538044
0,0,0,2,0,FALSE,1.43204244945236,0.10713106210697365,1.1976328841538044
0,1,0,0,0,TRUE,1.43204244945236,-0.8623041455158256,1.1976328841538044
0,2,7,0,0,TRUE,1.43204244945236,-0.8623041455158256,1.1976328841538044
0,0,0,0,0,TRUE,1.43204244945236,-0.5655382656312953,1.1976328841538044
0,0,4,0,0,TRUE,1.43204244945236,-0.5655382656312953,1.1976328841538044
0,0,0,0,0,TRUE,1.43204244945236,-0.2687723857467649,1.1976328841538044
0,1,0,0,0,TRUE,1.43204244945236,0.7798003898452425,1.1976328841538044
0,1,0,0,0,TRUE,1.43204244945236,0.8589379578144507,1.1976328841538044
0,1,4,0,0,TRUE,1.43204244945236,1.175488229691283,1.1976328841538044
0,1,2,0,0,TRUE,1.43204244945236,1.1359194457066788,1.1976328841538044
0,1,2,0,0,TRUE,1.43204244945236,0.542387685937618,1.1976328841538044
0,0,1,8,1,FALSE,1.43204244945236,2.398823133889145,1.1976328841538044
0,0,0,2,0,FALSE,1.43204244945236,2.2834141812601962,1.1976328841538044
0,0,0,0,0,FALSE,1.43204244945236,0.9901011485846191,1.1976328841538044
0,0,0,0,0,FALSE,1.43204244945236,0.3049749820299939,1.1976328841538044
0,0,0,2,0,FALSE,1.43204244945236,0.3049749820299939,1.1976328841538044
0,0,0,0,0,FALSE,1.43204244945236,0.3049749820299939,1.1976328841538044
0,1,0,0,0,TRUE,1.43204244945236,-0.4814545996640115,1.1976328841538044
0,0,0,0,0,TRUE,1.43204244945236,-0.5140988464513099,1.1976328841538044
0,0,0,0,0,TRUE,1.43204244945236,-0.5938016827914187,1.1976328841538044
0,0,0,0,0,TRUE,1.43204244945236,-0.7721752485740746,1.1976328841538044
1,2,5,0,0,FALSE,1.43204244945236,2.006432693367968,1.1976328841538044
0,0,0,0,0,FALSE,1.43204244945236,1.986648301375666,1.1976328841538044
0,0,0,0,0,FALSE,1.43204244945236,0.5028189019530142,1.1976328841538044
0,0,0,0,0,FALSE,1.43204244945236,0.5028189019530142,1.1976328841538044
0,0,0,0,0,FALSE,1.43204244945236,0.5028189019530142,1.1976328841538044
0,0,0,2,1,FALSE,1.43204244945236,0.5028189019530142,1.1976328841538044
0,1,1,0,0,TRUE,1.43204244945236,-0.9612261054773357,1.1976328841538044
0,0,3,0,0,TRUE,1.43204244945236,-0.9612261054773357,1.1976328841538044
0,0,0,0,0,TRUE,1.43204244945236,-1.0205792814542418,1.1976328841538044
0,0,2,0,0,TRUE,1.43204244945236,-1.0205792814542418,1.1976328841538044
0,0,4,0,0,TRUE,1.43204244945236,2.884859697826178,1.1976328841538044
0,1,4,0,0,TRUE,1.43204244945236,2.894931751751492,1.1976328841538044
0,0,1,0,0,TRUE,1.43204244945236,0.5832328817344367,1.1976328841538044
1,2,1,0,0,TRUE,1.43204244945236,0.5555772812586325,1.1976328841538044
0,0,1,0,1,TRUE,1.43204244945236,0.2869891713077592,1.1976328841538044
0,0,0,0,0,TRUE,1.43204244945236,0.26773377438854745,1.1976328841538044
0,0,0,2,0,FALSE,1.43204244945236,-0.7465654523608587,1.1976328841538044
0,0,1,0,1,FALSE,1.43204244945236,-0.7286878169565643,1.1976328841538044
0,0,0,0,0,FALSE,1.43204244945236,-0.6298375396062766,1.1976328841538044
0,0,0,0,0,FALSE,1.43204244945236,-0.6154293410815419,1.1976328841538044
0,1,0,0,0,TRUE,1.43204244945236,0.6610940378914304,1.1976328841538044
0,0,0,0,0,TRUE,1.43204244945236,0.6610940378914304,1.1976328841538044
0,0,0,0,0,TRUE,1.43204244945236,0.3445437660145978,1.1976328841538044
0,0,0,0,0,TRUE,1.43204244945236,0.3445437660145978,1.1976328841538044
0,0,0,0,0,FALSE,1.43204244945236,0.00820910214546353,1.1976328841538044
0,0,0,0,2,FALSE,1.43204244945236,0.00820910214546353,1.1976328841538044
0,0,0,0,0,FALSE,1.43204244945236,-0.1896348177775567,1.1976328841538044
0,0,0,0,0,FALSE,1.43204244945236,-0.1896348177775567,1.1976328841538044
0,0,0,0,0,FALSE,1.43204244945236,0.10713106210697365,1.1976328841538044
0,0,0,0,1,FALSE,1.43204244945236,0.08734667011467169,1.1976328841538044
0,0,0,0,0,FALSE,1.43204244945236,-0.09071285781604659,1.1976328841538044
0,0,0,0,0,FALSE,1.43204244945236,-0.09071285781604659,1.1976328841538044
0,1,0,0,0,TRUE,1.43204244945236,0.7006628218760343,1.1976328841538044
0,0,0,0,2,TRUE,1.43204244945236,0.7006628218760343,1.1976328841538044
0,2,3,0,0,TRUE,1.43204244945236,0.7006628218760343,1.1976328841538044
0,0,5,0,0,TRUE,1.43204244945236,0.7006628218760343,1.1976328841538044
0,1,1,0,1,TRUE,1.43204244945236,0.3049749820299939,1.1976328841538044
0,0,3,0,0,TRUE,1.43204244945236,-0.6842446175851074,1.1976328841538044
0,0,0,0,0,TRUE,1.43204244945236,-0.6842446175851074,1.1976328841538044
0,0,0,0,0,TRUE,1.43204244945236,-0.6842446175851074,1.1976328841538044
0,0,0,0,0,TRUE,1.43204244945236,-0.6842446175851074,1.1976328841538044
0,0,0,4,0,FALSE,1.43204244945236,2.085570261337176,1.1976328841538044
0,0,0,2,1,FALSE,1.43204244945236,2.085570261337176,1.1976328841538044
0,0,0,0,0,FALSE,1.43204244945236,0.5028189019530142,1.1976328841538044
0,0,0,0,1,FALSE,1.43204244945236,0.7006628218760343,1.1976328841538044
0,0,0,0,2,FALSE,1.43204244945236,0.5028189019530142,1.1976328841538044
0,0,2,0,0,TRUE,1.43204244945236,-0.9810104974696376,1.1976328841538044
0,0,2,0,0,TRUE,1.43204244945236,-1.0799324574311477,1.1976328841538044
0,0,0,0,0,TRUE,1.43204244945236,-1.277776377354168,1.1976328841538044
0,0,2,0,0,TRUE,1.43204244945236,1.294194581645095,1.1976328841538044
0,1,0,0,0,TRUE,1.43204244945236,1.294194581645095,1.1976328841538044
0,0,0,0,1,FALSE,1.43204244945236,2.085570261337176,1.1976328841538044
0,0,0,0,1,FALSE,1.43204244945236,0.08734667011467169,1.1976328841538044
0,0,2,0,0,FALSE,1.43204244945236,1.4149301019576452,1.1976328841538044
0,0,0,0,0,FALSE,1.43204244945236,1.1834019864882037,1.1976328841538044
1,0,2,0,0,TRUE,1.43204244945236,1.7464092566027585,1.1976328841538044
0,0,0,0,1,TRUE,1.43204244945236,1.6743652518054026,1.1976328841538044
0,1,1,0,0,TRUE,1.43204244945236,0.423681333983806,1.1976328841538044
0,0,0,0,0,TRUE,1.43204244945236,0.423681333983806,1.1976328841538044
0,1,1,0,1,FALSE,1.43204244945236,-1.0799324574311477,1.1976328841538044
0,0,2,0,0,FALSE,1.43204244945236,-1.0403636734465438,1.1976328841538044
0,1,1,0,0,FALSE,1.43204244945236,-1.0403636734465438,1.1976328841538044
0,1,0,0,0,FALSE,1.43204244945236,-1.0403636734465438,1.1976328841538044
0,0,0,0,0,FALSE,1.43204244945236,0.3049749820299939,1.1976328841538044
0,0,0,0,1,FALSE,1.43204244945236,0.3049749820299939,1.1976328841538044
0,0,0,0,0,FALSE,1.43204244945236,0.3049749820299939,1.1976328841538044
0,1,1,0,0,TRUE,1.43204244945236,-0.8820885375081275,1.1976328841538044
0,1,2,0,0,TRUE,1.43204244945236,-1.0007948894619396,1.1976328841538044
0,0,3,0,0,TRUE,1.43204244945236,-1.0007948894619396,1.1976328841538044
0,1,5,0,0,TRUE,1.43204244945236,2.085570261337176,1.1976328841538044
0,0,0,0,4,TRUE,1.43204244945236,2.085570261337176,1.1976328841538044
0,0,1,0,0,FALSE,1.43204244945236,1.0765662697297729,1.1976328841538044
0,0,1,0,0,FALSE,1.43204244945236,1.0765662697297729,1.1976328841538044
0,0,1,0,0,TRUE,1.43204244945236,-0.5853226576235971,1.1976328841538044
0,0,1,0,0,TRUE,1.43204244945236,-0.5853226576235971,1.1976328841538044
0,0,1,0,0,TRUE,1.43204244945236,-0.38747873770057695,1.1976328841538044
0,0,5,0,0,TRUE,1.43204244945236,-0.446831913677483,1.1976328841538044
0,0,1,0,0,TRUE,1.43204244945236,2.4812581011832164,1.1976328841538044
0,0,1,8,0,TRUE,1.43204244945236,2.4812581011832164,1.1976328841538044
1,1,1,0,0,TRUE,1.43204244945236,1.4920385015681152,1.1976328841538044
0,0,0,0,0,TRUE,1.43204244945236,1.0963506617220748,1.1976328841538044
0,0,3,0,0,TRUE,1.43204244945236,0.10713106210697365,1.1976328841538044
0,0,0,2,0,TRUE,1.43204244945236,0.10713106210697365,1.1976328841538044
0,0,0,0,0,TRUE,1.43204244945236,-0.506185089654389,1.1976328841538044
0,0,1,0,0,TRUE,1.43204244945236,-0.506185089654389,1.1976328841538044
0,0,0,0,2,FALSE,1.43204244945236,2.4812581011832164,1.1976328841538044
0,0,2,0,1,FALSE,1.43204244945236,2.4812581011832164,1.1976328841538044
0,0,0,8,0,FALSE,0.23546661437532823,2.263629789267894,-0.7837054774406291
1,0,0,16,0,FALSE,0.23546661437532823,0.5819564699222223,-0.7837054774406291
0,0,0,12,0,FALSE,0.23546661437532823,-0.6051070496158991,-0.7837054774406291
0,0,0,6,0,FALSE,0.23546661437532823,-0.8326275575273725,-0.7837054774406291
8,0,0,12,0,FALSE,0.23546661437532823,2.4021205332140085,-0.7837054774406291
2,1,0,4,0,FALSE,0.23546661437532823,0.8391535658221484,-0.7837054774406291
0,0,0,12,0,FALSE,0.23546661437532823,3.025328880971522,-0.7837054774406291
0,0,0,8,0,FALSE,0.23546661437532823,0.39400474599535285,-0.7837054774406291
0,0,0,0,2,FALSE,0.2337361478938479,1.294194581645095,-0.7716427220016963
0,0,0,6,0,FALSE,0.2337361478938479,1.1260272497105275,-0.7716427220016963
0,1,0,0,0,FALSE,0.2337361478938479,-1.1491778294042048,-0.7716427220016963
0,0,0,2,1,FALSE,0.2337361478938479,-0.6545680295966542,-0.7716427220016963
2,1,0,2,1,FALSE,0.2337361478938479,1.0765662697297729,-0.7716427220016963
0,0,0,8,2,FALSE,0.2337361478938479,0.7995847818375444,-0.7716427220016963
0,0,0,4,1,FALSE,0.2337361478938479,-0.8227353615312215,-0.7716427220016963
1,1,0,2,2,FALSE,0.2337361478938479,0.22583741406078572,-0.7716427220016963
3,3,0,4,1,FALSE,0.2337361478938479,0.6610940378914304,-0.7716427220016963
0,2,0,4,0,FALSE,0.2337361478938479,-1.1986388093849598,-0.7716427220016963
0,1,0,0,0,FALSE,0.2337361478938479,-0.9315495174888826,-0.7716427220016963
0,0,0,2,0,FALSE,0.22955854448263463,2.3328751612409513,-0.7571674154749771
4,0,0,10,0,FALSE,0.22955854448263463,1.5414994815488703,-0.7571674154749771
0,0,0,2,0,FALSE,0.22955854448263463,-0.436939717681332,-0.7571674154749771
3,0,0,6,0,FALSE,0.22955854448263463,3.1341430369291836,-0.7571674154749771
0,0,0,20,0,FALSE,0.22955854448263463,1.0963506617220748,-0.7571674154749771
0,0,0,4,2,FALSE,0.22955854448263463,-0.8820885375081275,-0.7571674154749771
1,0,0,4,1,FALSE,0.22955854448263463,2.3031985732524984,-0.7571674154749771
0,0,0,6,0,FALSE,0.22955854448263463,0.9479677217798097,-0.7571674154749771
0,0,0,6,0,FALSE,0.19370184779221167,1.7096668134834379,-0.8182182068416697
0,4,0,4,1,FALSE,0.19370184779221167,1.0172130937528667,-0.8182182068416697
0,0,0,2,4,FALSE,0.19370184779221167,1.7393434014718907,-0.8182182068416697
0,0,0,8,1,FALSE,0.19370184779221167,-0.0016830938506876224,-0.8182182068416697
0,0,0,0,0,FALSE,0.19370184779221167,-0.9018729295004295,-0.8182182068416697
0,0,0,4,1,FALSE,0.19370184779221167,1.699774617487286,-0.8182182068416697
0,0,0,6,0,FALSE,0.19370184779221167,-0.298448973735218,-0.8182182068416697
2,0,0,0,0,FALSE,0.19370184779221167,3.015436684975371,-0.8182182068416697
0,0,0,2,0,FALSE,0.19370184779221167,0.8292613698259972,-0.8182182068416697
0,0,0,0,0,FALSE,0.19370184779221167,-0.9018729295004295,-0.8182182068416697
0,1,0,0,1,FALSE,0.19370184779221167,3.3023103688637505,-0.8182182068416697
0,0,0,0,0,FALSE,0.19370184779221167,1.0963506617220748,-0.8182182068416697
0,1,0,0,1,FALSE,0.19370184779221167,-0.6446758336005034,-0.8182182068416697
0,0,0,2,0,FALSE,0.19370184779221167,1.5909604615296253,-0.8182182068416697
0,0,0,4,0,FALSE,0.19370184779221167,0.7006628218760343,-0.8182182068416697
1,0,0,0,1,FALSE,0.19370184779221167,-0.48640069766208704,-0.8182182068416697
3,1,0,2,0,FALSE,0.20035913808054048,3.2726337808752977,-0.8018552767704664
0,0,0,12,0,FALSE,0.20035913808054048,0.5028189019530142,-0.8018552767704664
0,0,0,2,1,FALSE,0.20035913808054048,1.5909604615296253,-0.8018552767704664
0,0,0,4,1,FALSE,0.20035913808054048,1.066674073733622,-0.8018552767704664
0,0,0,2,0,FALSE,0.20035913808054048,3.697998208709791,-0.8018552767704664
0,0,0,2,0,FALSE,0.20035913808054048,0.00820910214546353,-0.8018552767704664
0,0,0,0,1,FALSE,0.20035913808054048,-1.0601480654388458,-0.8018552767704664
0,0,0,4,0,FALSE,0.20035913808054048,3.213280604898391,-0.8018552767704664
1,0,0,0,1,FALSE,0.20035913808054048,0.8787223498067527,-0.8018552767704664
0,0,0,0,0,FALSE,0.20035913808054048,-0.1302816418006505,-0.8018552767704664
0,0,0,0,2,FALSE,0.20035913808054048,3.114358644936882,-0.8018552767704664
1,0,0,0,1,FALSE,0.20035913808054048,-0.5160772856505401,-0.8018552767704664
0,0,0,8,0,FALSE,0.20035913808054048,3.0451132729638246,-0.8018552767704664
0,0,0,2,0,FALSE,0.20035913808054048,0.6017408619145242,-0.8018552767704664
0,0,0,2,0,FALSE,0.20386091172146273,2.3526595532332535,-0.7789471746707818
0,0,0,12,1,FALSE,0.20386091172146273,1.6503136375065317,-0.7789471746707818
0,0,0,0,1,FALSE,0.20386091172146273,0.9776443097682624,-0.7789471746707818
2,0,0,2,1,FALSE,0.20386091172146273,2.975867900990767,-0.7789471746707818
0,0,0,0,0,FALSE,0.20386091172146273,-0.38747873770057695,-0.7789471746707818
0,1,0,6,0,FALSE,0.24713930735128878,1.5019306975642657,-0.7909229245126826
0,0,0,0,0,FALSE,0.24713930735128878,-0.8326275575273725,-0.7909229245126826
1,0,0,2,0,FALSE,0.24713930735128878,1.4129009335989076,-0.7909229245126826
0,0,0,6,0,FALSE,0.24713930735128878,0.5324954899414669,-0.7909229245126826
1,0,0,2,1,FALSE,0.24713930735128878,1.4524697175835113,-0.7909229245126826
0,0,0,0,3,FALSE,0.24713930735128878,1.254625797660491,-0.7909229245126826
1,2,0,0,1,FALSE,0.11766314850774744,2.6791020211062366,-0.7067674715470432
2,0,0,0,1,FALSE,0.11766314850774744,0.6413096458991282,-0.7067674715470432
0,0,0,0,4,FALSE,0.11766314850774744,-0.6842446175851074,-0.7067674715470432
5,1,0,0,0,FALSE,0.11766314850774744,2.3427673572371024,-0.7067674715470432
0,0,0,0,0,FALSE,0.11766314850774744,-0.9612261054773357,-0.7067674715470432
0,0,0,0,2,FALSE,0.11766314850774744,-0.7831665775466174,-0.7067674715470432
0,0,0,0,1,FALSE,0.11766314850774744,-0.6051070496158991,-0.7067674715470432
7,4,0,0,1,FALSE,0.11766314850774744,1.7690199894603433,-0.7067674715470432
0,0,0,0,1,FALSE,0.11766314850774744,-0.6842446175851074,-0.7067674715470432
0,0,0,0,0,FALSE,0.11766314850774744,2.4812581011832164,-0.7067674715470432
1,0,0,0,1,FALSE,0.11766314850774744,0.6017408619145242,-0.7067674715470432
0,0,0,0,1,FALSE,0.11766314850774744,-0.8820885375081275,-0.7067674715470432
0,0,0,4,2,FALSE,0.11766314850774744,3.124250840933032,-0.7067674715470432
0,0,0,0,0,FALSE,0.11766314850774744,0.39400474599535285,-0.7067674715470432
0,0,0,0,1,FALSE,0.11766314850774744,-1.0304714774503927,-0.7067674715470432
2,0,0,2,8,FALSE,0.11766314850774744,1.9272951253987596,-0.7067674715470432
0,0,0,0,3,FALSE,0.11766314850774744,0.16648423808387985,-0.7067674715470432
0,1,0,0,1,FALSE,0.11766314850774744,-0.5655382656312953,-0.7067674715470432
1,0,0,0,1,FALSE,0.11766314850774744,2.6791020211062366,-0.7067674715470432
0,0,0,0,1,FALSE,0.11766314850774744,0.7006628218760343,-0.7067674715470432
0,0,0,0,0,FALSE,0.11766314850774744,-0.48640069766208704,-0.7067674715470432
0,0,0,0,3,FALSE,0.11766314850774744,2.2537375932717434,-0.7067674715470432
0,0,0,2,1,FALSE,0.11766314850774744,0.037885690133916634,-0.7067674715470432
0,0,0,0,3,FALSE,0.11766314850774744,-0.8820885375081275,-0.7067674715470432
0,0,0,2,2,FALSE,0.11766314850774744,2.194384417294837,-0.7067674715470432
1,0,0,0,3,FALSE,0.11766314850774744,0.5621720779299203,-0.7067674715470432
0,0,0,0,0,FALSE,0.11766314850774744,-0.8227353615312215,-0.7067674715470432
0,0,0,6,0,FALSE,0.13732697278086123,2.5603956691524243,-0.8293528145066316
0,0,0,4,0,FALSE,0.13732697278086123,-0.021467485842989575,-0.8293528145066316
0,0,0,4,0,FALSE,0.13732697278086123,0.17637643408003065,-0.8293528145066316
0,0,0,6,0,FALSE,0.13732697278086123,-0.8425197535235236,-0.8293528145066316
2,0,0,4,0,FALSE,0.13732697278086123,1.8778341454180045,-0.8293528145066316
0,0,0,8,4,FALSE,0.13732697278086123,1.2101109156778114,-0.8293528145066316
2,0,0,16,0,FALSE,0.13732697278086123,-0.7435977935620135,-0.8293528145066316
0,0,0,0,0,FALSE,0.13732697278086123,-0.7435977935620135,-0.8293528145066316
0,0,0,2,0,FALSE,0.13732697278086123,-0.28855677773906685,-0.8293528145066316
1,0,0,2,1,FALSE,0.10053132482990303,2.5801800611447265,-0.7123685795431882
0,1,0,0,0,FALSE,0.10053132482990303,1.195272621683585,-0.7123685795431882
0,0,0,0,2,FALSE,0.10053132482990303,-0.9810104974696376,-0.7123685795431882
0,0,0,0,2,FALSE,0.10053132482990303,3.153927428921485,-0.7123685795431882
0,0,0,0,3,FALSE,0.10053132482990303,0.7402316058606383,-0.7123685795431882
0,0,0,0,2,FALSE,0.10053132482990303,-0.7633821855543155,-0.7123685795431882
0,0,0,0,0,FALSE,0.10053132482990303,3.8661655406443587,-0.7123685795431882
1,0,0,0,1,FALSE,0.10053132482990303,1.175488229691283,-0.7123685795431882
0,0,0,0,0,FALSE,0.10053132482990303,-0.8425197535235235,-0.7123685795431882
3,0,0,2,0,FALSE,0.10053132482990303,2.5307190811639715,-0.7123685795431882
0,0,0,0,0,FALSE,0.10053132482990303,-0.5259694816466911,-0.7123685795431882
0,0,0,2,0,FALSE,0.10053132482990303,2.135031241317931,-0.7123685795431882
0,0,0,0,3,FALSE,0.10053132482990303,-0.8425197535235235,-0.7123685795431882
0,0,0,0,2,FALSE,0.10053132482990303,2.362551749229404,-0.7123685795431882
0,1,0,0,0,FALSE,0.10053132482990303,-0.6941368135812584,-0.7123685795431882
0,0,0,0,1,FALSE,0.09683196359873121,3.114358644936881,-0.7095530580756891
0,0,0,0,0,FALSE,0.09683196359873121,0.8985067417990545,-0.7095530580756891
0,0,0,0,0,FALSE,0.09683196359873121,-0.6842446175851074,-0.7095530580756891
1,0,0,0,1,FALSE,0.09683196359873121,-0.8820885375081275,-0.7095530580756891
0,0,0,0,1,FALSE,0.09683196359873121,3.1440352329253347,-0.7095530580756891
1,0,0,0,1,FALSE,0.09683196359873121,1.0666740737336218,-0.7095530580756891
0,0,0,0,2,FALSE,0.09683196359873121,-0.9513339094811846,-0.7095530580756891
0,4,0,2,0,FALSE,0.09683196359873121,3.5298308767752236,-0.7095530580756891
0,1,0,0,0,FALSE,0.09683196359873121,1.0963506617220748,-0.7095530580756891
0,0,0,0,2,FALSE,0.09683196359873121,-0.6842446175851074,-0.7095530580756891
0,0,0,4,1,FALSE,0.08304941284281528,0.6017408619145242,-0.7690840314105097
0,0,0,6,0,FALSE,0.08304941284281528,-0.7534899895581643,-0.7690840314105097
0,0,0,2,1,FALSE,0.08304941284281528,1.6008526575257758,-0.7690840314105097
1,0,0,2,1,FALSE,0.08304941284281528,1.1853804256874338,-0.7690840314105097
0,0,0,0,0,FALSE,0.08304941284281528,-1.1392856334080539,-0.7690840314105097
0,0,0,6,1,FALSE,0.08304941284281528,0.8193691738298464,-0.7690840314105097
0,0,0,26,1,FALSE,0.08304941284281528,0.6808784298837324,-0.7690840314105097
0,0,0,0,0,FALSE,0.08304941284281528,-1.29756076934647,-0.7690840314105097
0,0,0,8,1,FALSE,0.08304941284281528,0.6017408619145242,-0.7690840314105097
0,0,0,4,4,FALSE,0.08304941284281528,0.49292670595686294,-0.7690840314105097
0,0,0,4,0,FALSE,0.08304941284281528,2.649425433117784,-0.7690840314105097
0,0,0,0,0,FALSE,0.08304941284281528,-0.061036269827593484,-0.7690840314105097
0,0,0,0,0,FALSE,0.08304941284281528,-0.9216573214927316,-0.7690840314105097
0,0,0,8,0,FALSE,0.08304941284281528,1.808588773444948,-0.7690840314105097
0,0,0,8,0,FALSE,0.08304941284281528,0.384112549999202,-0.7690840314105097
0,0,0,6,0,FALSE,0.08084958683154345,2.7780239810677467,-0.785452004283663
0,0,0,10,0,FALSE,0.08084958683154345,0.9578599177759608,-0.785452004283663
0,0,0,14,0,FALSE,0.08084958683154345,3.1934962129060898,-0.785452004283663
0,0,0,0,0,FALSE,0.08084958683154345,1.1655960336951319,-0.785452004283663
0,0,0,2,0,FALSE,0.08084958683154345,-0.8128431655350705,-0.785452004283663
1,0,0,18,0,FALSE,0.08084958683154345,2.9560835089984647,-0.785452004283663
0,0,0,24,0,FALSE,0.08084958683154345,1.848157557429552,-0.785452004283663
0,0,0,8,0,FALSE,0.08084958683154345,2.4812581011832164,-0.785452004283663
0,0,0,4,0,FALSE,0.08084958683154345,0.9776443097682628,-0.785452004283663
0,0,0,8,0,FALSE,0.08084958683154345,2.9659757049946167,-0.785452004283663
1,0,0,2,0,FALSE,0.08084958683154345,0.19616082607233262,-0.785452004283663
0,0,0,10,2,FALSE,0.08084958683154345,2.3823361412217063,-0.785452004283663
0,0,0,4,2,FALSE,0.08084958683154345,1.0172130937528667,-0.785452004283663
0,0,0,0,0,FALSE,0.08084958683154345,-0.9810104974696376,-0.785452004283663
0,0,0,4,1,FALSE,0.08084958683154345,1.5909604615296253,-0.785452004283663
1,0,0,0,2,FALSE,0.08084958683154345,0.25551400204923885,-0.785452004283663
0,0,0,2,0,FALSE,0.08084958683154345,-0.7534899895581643,-0.785452004283663
0,0,0,4,0,FALSE,0.08084958683154345,2.4021205332140085,-0.785452004283663
0,0,0,2,2,FALSE,0.08084958683154345,1.0963506617220748,-0.785452004283663
0,0,0,0,1,FALSE,0.08084958683154345,-0.9909026934657886,-0.785452004283663
0,0,0,8,2,FALSE,0.08084958683154345,3.4803698967944685,-0.785452004283663
0,1,0,4,1,FALSE,0.08084958683154345,0.047777886130067435,-0.785452004283663
0,0,0,4,0,FALSE,0.08084958683154345,-0.6051070496158991,-0.785452004283663
0,0,0,0,0,FALSE,0.18924770563324972,-1.4756202972771884,-0.7371024680429406
0,0,0,0,0,FALSE,0.18924770563324972,-1.4756202972771884,-0.7371024680429406
0,0,0,0,0,FALSE,0.18924770563324972,-1.4756202972771884,-0.7371024680429406
0,0,0,0,0,FALSE,0.18924770563324972,-1.4756202972771884,-0.7371024680429406
0,0,0,0,0,FALSE,0.18924770563324972,-0.7831665775466174,-0.7371024680429406
0,0,0,0,0,FALSE,0.18924770563324972,-0.7831665775466174,-0.7371024680429406
0,0,0,0,0,FALSE,0.18924770563324972,-0.7831665775466174,-0.7371024680429406
0,0,0,0,0,FALSE,0.18924770563324972,-0.7831665775466174,-0.7371024680429406
0,0,0,0,1,FALSE,0.18924770563324972,0.3049749820299939,-0.7371024680429406
0,0,0,0,1,FALSE,0.18924770563324972,0.3049749820299939,-0.7371024680429406
0,0,0,0,0,FALSE,0.18924770563324972,0.3049749820299939,-0.7371024680429406
0,0,0,0,2,FALSE,0.18924770563324972,0.3049749820299939,-0.7371024680429406
0,0,0,0,0,FALSE,0.18924770563324972,-1.4756202972771884,-0.7371024680429406
0,0,0,0,2,FALSE,0.18924770563324972,-1.4756202972771884,-0.7371024680429406
0,0,0,0,0,FALSE,0.18924770563324972,-1.4756202972771884,-0.7371024680429406
0,0,0,0,2,FALSE,0.18924770563324972,-1.4756202972771884,-0.7371024680429406
0,0,0,0,0,FALSE,0.18924770563324972,-1.4756202972771884,-0.7371024680429406
0,0,0,0,0,FALSE,0.18924770563324972,-1.4756202972771884,-0.7371024680429406
0,0,0,0,1,FALSE,0.18924770563324972,-1.4756202972771884,-0.7371024680429406
0,0,0,0,1,FALSE,0.18924770563324972,-1.4756202972771884,-0.7371024680429406
0,0,0,0,0,FALSE,0.18924770563324972,-0.7831665775466174,-0.7371024680429406
0,0,0,0,1,FALSE,0.18924770563324972,-0.7831665775466174,-0.7371024680429406
0,0,0,0,1,FALSE,0.18924770563324972,-0.7831665775466174,-0.7371024680429406
0,0,0,0,0,FALSE,0.18924770563324972,-0.7831665775466174,-0.7371024680429406
0,0,0,0,0,FALSE,0.18924770563324972,0.3049749820299939,-0.7371024680429406
0,0,0,0,0,FALSE,0.18924770563324972,0.3049749820299939,-0.7371024680429406
0,0,0,0,2,FALSE,0.18924770563324972,0.3049749820299939,-0.7371024680429406
0,0,0,0,1,FALSE,0.18924770563324972,0.3049749820299939,-0.7371024680429406
0,0,0,0,0,FALSE,0.18924770563324972,-1.4756202972771884,-0.7371024680429406
0,0,0,0,1,FALSE,0.18924770563324972,-1.4756202972771884,-0.7371024680429406
0,0,0,0,2,FALSE,0.18924770563324972,-1.4756202972771884,-0.7371024680429406
0,0,0,0,1,FALSE,0.18924770563324972,-1.4756202972771884,-0.7371024680429406
0,0,0,0,0,FALSE,0.18924770563324972,-1.4756202972771884,-0.7371024680429406
0,0,0,0,0,FALSE,0.18924770563324972,-1.4756202972771884,-0.7371024680429406
0,1,0,0,0,FALSE,0.18924770563324972,-1.4756202972771884,-0.7371024680429406
0,1,0,0,0,FALSE,0.18924770563324972,-1.4756202972771884,-0.7371024680429406
0,0,0,0,0,FALSE,0.18924770563324972,-0.7831665775466174,-0.7371024680429406
0,1,0,0,0,FALSE,0.18924770563324972,-0.7831665775466174,-0.7371024680429406
0,1,0,0,1,FALSE,0.18924770563324972,-0.7831665775466174,-0.7371024680429406
0,0,0,0,0,FALSE,0.18924770563324972,-0.7831665775466174,-0.7371024680429406
0,0,0,0,1,FALSE,0.18924770563324972,0.3049749820299939,-0.7371024680429406
0,1,0,0,1,FALSE,0.18924770563324972,0.3049749820299939,-0.7371024680429406
0,0,0,0,0,FALSE,0.18924770563324972,0.3049749820299939,-0.7371024680429406
0,0,0,0,0,FALSE,0.18924770563324972,0.3049749820299939,-0.7371024680429406
0,0,0,2,2,FALSE,0.18924770563324972,-1.4756202972771884,-0.7371024680429406
0,0,0,0,2,FALSE,0.18924770563324972,-1.4756202972771884,-0.7371024680429406
0,0,0,0,1,FALSE,0.18924770563324972,-1.4756202972771884,-0.7371024680429406
0,1,0,2,1,FALSE,0.18924770563324972,-1.4756202972771884,-0.7371024680429406
0,0,0,0,0,FALSE,0.1789175057118171,-1.4756202972771884,-0.7374332675249072
0,0,0,0,0,FALSE,0.1789175057118171,-1.4756202972771884,-0.7374332675249072
0,0,0,0,0,FALSE,0.1789175057118171,-1.4756202972771884,-0.7374332675249072
0,0,0,0,0,FALSE,0.1789175057118171,-1.4756202972771884,-0.7374332675249072
0,0,0,0,1,FALSE,0.1789175057118171,-0.7831665775466174,-0.7374332675249072
0,0,0,2,1,FALSE,0.1789175057118171,-0.7831665775466174,-0.7374332675249072
0,0,0,0,0,FALSE,0.1789175057118171,-0.7831665775466174,-0.7374332675249072
0,0,0,10,0,FALSE,0.1789175057118171,-0.7831665775466174,-0.7374332675249072
0,0,0,0,0,FALSE,0.1789175057118171,0.3049749820299939,-0.7374332675249072
0,0,0,0,0,FALSE,0.1789175057118171,0.3049749820299939,-0.7374332675249072
0,0,0,2,0,FALSE,0.1789175057118171,0.3049749820299939,-0.7374332675249072
0,0,0,2,0,FALSE,0.1789175057118171,0.3049749820299939,-0.7374332675249072
0,0,0,0,2,FALSE,0.1789175057118171,-1.4756202972771884,-0.7374332675249072
0,0,0,0,1,FALSE,0.1789175057118171,-1.4756202972771884,-0.7374332675249072
0,1,0,0,0,FALSE,0.1789175057118171,-1.4756202972771884,-0.7374332675249072
0,1,0,0,0,FALSE,0.1789175057118171,-1.4756202972771884,-0.7374332675249072
0,0,0,0,0,FALSE,0.1789175057118171,-1.4756202972771884,-0.7374332675249072
0,0,0,0,0,FALSE,0.1789175057118171,-1.4756202972771884,-0.7374332675249072
0,0,0,0,0,FALSE,0.1789175057118171,-1.4756202972771884,-0.7374332675249072
0,0,0,0,0,FALSE,0.1789175057118171,-1.4756202972771884,-0.7374332675249072
0,0,0,0,0,FALSE,0.1789175057118171,-0.7831665775466174,-0.7374332675249072
0,0,0,0,0,FALSE,0.1789175057118171,-0.7831665775466174,-0.7374332675249072
0,0,0,2,0,FALSE,0.1789175057118171,-0.7831665775466174,-0.7374332675249072
0,0,0,2,0,FALSE,0.1789175057118171,-0.7831665775466174,-0.7374332675249072
0,0,0,0,0,FALSE,0.1789175057118171,0.3049749820299939,-0.7374332675249072
0,0,0,0,0,FALSE,0.1789175057118171,0.3049749820299939,-0.7374332675249072
0,0,0,0,0,FALSE,0.1789175057118171,0.3049749820299939,-0.7374332675249072
0,0,0,0,0,FALSE,0.1789175057118171,0.3049749820299939,-0.7374332675249072
0,0,0,0,0,FALSE,0.1789175057118171,-1.4756202972771884,-0.7374332675249072
0,0,0,0,0,FALSE,0.1789175057118171,-1.4756202972771884,-0.7374332675249072
0,0,0,0,2,FALSE,0.1789175057118171,-1.4756202972771884,-0.7374332675249072
0,0,0,0,1,FALSE,0.1789175057118171,-1.4756202972771884,-0.7374332675249072
0,0,0,0,1,FALSE,0.1789175057118171,-1.4756202972771884,-0.7374332675249072
0,0,0,0,0,FALSE,0.1789175057118171,-1.4756202972771884,-0.7374332675249072
0,1,0,0,0,FALSE,0.1789175057118171,-1.4756202972771884,-0.7374332675249072
0,1,0,0,0,FALSE,0.1789175057118171,-1.4756202972771884,-0.7374332675249072
0,0,0,0,0,FALSE,0.1789175057118171,-0.7831665775466174,-0.7374332675249072
0,0,0,0,0,FALSE,0.1789175057118171,-0.7831665775466174,-0.7374332675249072
0,0,0,0,0,FALSE,0.1789175057118171,-0.7831665775466174,-0.7374332675249072
0,0,0,0,0,FALSE,0.1789175057118171,-0.7831665775466174,-0.7374332675249072
0,0,0,2,0,FALSE,0.1789175057118171,0.3049749820299939,-0.7374332675249072
0,0,0,0,3,FALSE,0.1789175057118171,0.3049749820299939,-0.7374332675249072
0,0,0,0,0,FALSE,0.1789175057118171,0.3049749820299939,-0.7374332675249072
0,0,0,0,1,FALSE,0.1789175057118171,0.3049749820299939,-0.7374332675249072
0,0,0,0,0,FALSE,0.1789175057118171,-1.4756202972771884,-0.7374332675249072
0,0,0,0,0,FALSE,0.1789175057118171,-1.4756202972771884,-0.7374332675249072
0,0,0,0,1,FALSE,0.1789175057118171,-1.4756202972771884,-0.7374332675249072
0,0,0,2,0,FALSE,0.1789175057118171,-1.4756202972771884,-0.7374332675249072
0,0,0,0,0,FALSE,0.04836824396555015,0.10713106210697365,-0.7208932934265725
0,0,0,2,0,FALSE,0.04836824396555015,0.10713106210697365,-0.7208932934265725
0,1,0,12,0,FALSE,0.04836824396555015,0.10713106210697365,-0.7208932934265725
0,0,0,2,1,FALSE,0.0659935279349448,0.10713106210697365,-0.7195700954987057
0,0,0,0,1,FALSE,0.0659935279349448,0.10713106210697365,-0.7195700954987057
0,0,0,0,0,FALSE,0.0659935279349448,0.10713106210697365,-0.7195700954987057
0,0,0,2,0,FALSE,0.03107362491754478,0.10713106210697365,-0.7192392960167389
0,0,0,0,0,FALSE,0.03107362491754478,0.10713106210697365,-0.7192392960167389
0,0,0,0,0,FALSE,0.03107362491754478,0.10713106210697365,-0.7192392960167389
0,0,0,2,0,FALSE,0.023976967836648523,0.10713106210697365,-0.7199008949806723
0,0,0,2,0,FALSE,0.023976967836648523,0.10713106210697365,-0.7199008949806723
0,0,0,4,0,FALSE,0.023976967836648523,0.10713106210697365,-0.7199008949806723
0,0,0,2,0,FALSE,-0.10698945277529827,0.10713106210697365,-0.7275092830659063
0,0,0,2,0,FALSE,-0.10698945277529827,0.10713106210697365,-0.7275092830659063
0,0,0,2,1,FALSE,-0.10698945277529827,0.10713106210697365,-0.7275092830659063
0,1,0,6,0,FALSE,-0.10698945277529827,0.10713106210697365,-0.7275092830659063
0,0,0,0,0,FALSE,-0.10698945277529827,0.10713106210697365,-0.7275092830659063
0,0,0,4,0,FALSE,-0.10698945277529827,0.10713106210697365,-0.7275092830659063
0,1,0,0,0,FALSE,0.24475095857814336,-1.4756202972771884,-0.7083229131118379
0,0,0,0,1,FALSE,0.24475095857814336,-1.4756202972771884,-0.7083229131118379
0,0,0,0,2,FALSE,0.24475095857814336,-1.4756202972771884,-0.7083229131118379
0,1,0,0,1,FALSE,0.24475095857814336,-1.4756202972771884,-0.7083229131118379
0,0,0,0,3,FALSE,0.24475095857814336,-0.7831665775466174,-0.7083229131118379
0,0,0,0,2,FALSE,0.24475095857814336,-0.7831665775466174,-0.7083229131118379
0,0,0,0,3,FALSE,0.24475095857814336,-0.7831665775466174,-0.7083229131118379
0,0,0,0,2,FALSE,0.24475095857814336,-0.7831665775466174,-0.7083229131118379
0,1,0,0,3,FALSE,0.24475095857814336,0.3049749820299939,-0.7083229131118379
0,0,0,2,4,FALSE,0.24475095857814336,0.3049749820299939,-0.7083229131118379
0,0,0,0,3,FALSE,0.24475095857814336,0.3049749820299939,-0.7083229131118379
0,0,0,0,1,FALSE,0.24475095857814336,0.3049749820299939,-0.7083229131118379
0,0,0,2,1,FALSE,0.24475095857814336,-1.4756202972771884,-0.7083229131118379
0,0,0,0,1,FALSE,0.24475095857814336,-1.4756202972771884,-0.7083229131118379
0,0,0,0,2,FALSE,0.24475095857814336,-1.4756202972771884,-0.7083229131118379
0,1,0,2,1,FALSE,0.24475095857814336,-1.4756202972771884,-0.7083229131118379
0,0,0,0,0,FALSE,0.24475095857814336,-1.4756202972771884,-0.7083229131118379
0,1,0,0,1,FALSE,0.24475095857814336,-1.4756202972771884,-0.7083229131118379
0,1,0,0,0,FALSE,0.24475095857814336,-1.4756202972771884,-0.7083229131118379
0,0,0,0,0,FALSE,0.24475095857814336,-1.4756202972771884,-0.7083229131118379
0,0,0,0,1,FALSE,0.24475095857814336,-0.7831665775466174,-0.7083229131118379
0,0,0,0,1,FALSE,0.24475095857814336,-0.7831665775466174,-0.7083229131118379
0,0,0,0,1,FALSE,0.24475095857814336,-0.7831665775466174,-0.7083229131118379
0,0,0,0,0,FALSE,0.24475095857814336,-0.7831665775466174,-0.7083229131118379
0,1,0,0,1,FALSE,0.24475095857814336,0.3049749820299939,-0.7083229131118379
0,0,0,0,0,FALSE,0.24475095857814336,0.3049749820299939,-0.7083229131118379
0,0,0,0,1,FALSE,0.24475095857814336,0.3049749820299939,-0.7083229131118379
0,1,0,0,0,FALSE,0.24475095857814336,0.3049749820299939,-0.7083229131118379
0,0,0,0,0,FALSE,0.24475095857814336,-1.4756202972771884,-0.7083229131118379
0,0,0,0,1,FALSE,0.24475095857814336,-1.4756202972771884,-0.7083229131118379
0,0,0,0,0,FALSE,0.24475095857814336,-1.4756202972771884,-0.7083229131118379
0,0,0,0,2,FALSE,0.24475095857814336,-1.4756202972771884,-0.7083229131118379
0,0,0,0,0,FALSE,0.24475095857814336,-1.4756202972771884,-0.7083229131118379
0,0,0,0,0,FALSE,0.24475095857814336,-1.4756202972771884,-0.7083229131118379
0,0,0,0,1,FALSE,0.24475095857814336,-1.4756202972771884,-0.7083229131118379
0,0,0,0,2,FALSE,0.24475095857814336,-1.4756202972771884,-0.7083229131118379
0,0,0,0,3,FALSE,0.24475095857814336,-0.7831665775466174,-0.7083229131118379
0,0,0,0,2,FALSE,0.24475095857814336,-0.7831665775466174,-0.7083229131118379
0,0,0,0,4,FALSE,0.24475095857814336,-0.7831665775466174,-0.7083229131118379
0,0,0,0,0,FALSE,0.24475095857814336,-0.7831665775466174,-0.7083229131118379
0,0,0,0,1,FALSE,0.24475095857814336,0.3049749820299939,-0.7083229131118379
0,0,0,0,1,FALSE,0.24475095857814336,0.3049749820299939,-0.7083229131118379
0,0,0,0,4,FALSE,0.24475095857814336,0.3049749820299939,-0.7083229131118379
0,0,0,0,1,FALSE,0.24475095857814336,0.3049749820299939,-0.7083229131118379
0,0,0,0,2,FALSE,0.24475095857814336,-1.4756202972771884,-0.7083229131118379
0,0,0,0,3,FALSE,0.24475095857814336,-1.4756202972771884,-0.7083229131118379
0,0,0,0,2,FALSE,0.24475095857814336,-1.4756202972771884,-0.7083229131118379
0,0,0,0,2,FALSE,0.24475095857814336,-1.4756202972771884,-0.7083229131118379
0,0,0,0,0,FALSE,0.23623889315115296,-1.4756202972771884,-0.7033609208823375
0,0,0,0,0,FALSE,0.23623889315115296,-1.4756202972771884,-0.7033609208823375
0,0,0,0,1,FALSE,0.23623889315115296,-1.4756202972771884,-0.7033609208823375
0,0,0,0,2,FALSE,0.23623889315115296,-1.4756202972771884,-0.7033609208823375
0,0,0,0,0,FALSE,0.23623889315115296,-0.7831665775466174,-0.7033609208823375
0,0,0,0,0,FALSE,0.23623889315115296,-0.7831665775466174,-0.7033609208823375
0,0,0,2,0,FALSE,0.23623889315115296,-0.7831665775466174,-0.7033609208823375
0,0,0,6,0,FALSE,0.23623889315115296,-0.7831665775466174,-0.7033609208823375
0,0,0,0,1,FALSE,0.23623889315115296,0.3049749820299939,-0.7033609208823375
0,0,0,0,0,FALSE,0.23623889315115296,0.3049749820299939,-0.7033609208823375
0,0,0,0,1,FALSE,0.23623889315115296,0.3049749820299939,-0.7033609208823375
0,0,0,0,1,FALSE,0.23623889315115296,0.3049749820299939,-0.7033609208823375
0,0,0,0,1,FALSE,0.23623889315115296,-1.4756202972771884,-0.7033609208823375
0,0,0,0,1,FALSE,0.23623889315115296,-1.4756202972771884,-0.7033609208823375
0,0,0,0,2,FALSE,0.23623889315115296,-1.4756202972771884,-0.7033609208823375
0,0,0,0,0,FALSE,0.23623889315115296,-1.4756202972771884,-0.7033609208823375
0,0,0,0,0,FALSE,0.23623889315115296,-1.4756202972771884,-0.7033609208823375
0,1,0,0,1,FALSE,0.23623889315115296,-1.4756202972771884,-0.7033609208823375
0,0,0,0,1,FALSE,0.23623889315115296,-1.4756202972771884,-0.7033609208823375
0,0,0,0,2,FALSE,0.23623889315115296,-1.4756202972771884,-0.7033609208823375
0,0,0,0,0,FALSE,0.23623889315115296,-0.7831665775466174,-0.7033609208823375
0,0,0,0,0,FALSE,0.23623889315115296,-0.7831665775466174,-0.7033609208823375
0,0,0,0,3,FALSE,0.23623889315115296,-0.7831665775466174,-0.7033609208823375
0,0,0,0,2,FALSE,0.23623889315115296,-0.7831665775466174,-0.7033609208823375
0,0,0,0,0,FALSE,0.23623889315115296,0.3049749820299939,-0.7033609208823375
0,0,0,0,3,FALSE,0.23623889315115296,0.3049749820299939,-0.7033609208823375
0,0,0,0,3,FALSE,0.23623889315115296,0.3049749820299939,-0.7033609208823375
0,1,0,0,3,FALSE,0.23623889315115296,0.3049749820299939,-0.7033609208823375
0,0,0,0,0,FALSE,0.23623889315115296,-1.4756202972771884,-0.7033609208823375
0,0,0,0,0,FALSE,0.23623889315115296,-1.4756202972771884,-0.7033609208823375
0,0,0,0,1,FALSE,0.23623889315115296,-1.4756202972771884,-0.7033609208823375
0,0,0,0,1,FALSE,0.23623889315115296,-1.4756202972771884,-0.7033609208823375
0,0,0,0,0,FALSE,0.23623889315115296,-1.4756202972771884,-0.7033609208823375
0,0,0,0,0,FALSE,0.23623889315115296,-1.4756202972771884,-0.7033609208823375
0,0,0,0,0,FALSE,0.23623889315115296,-1.4756202972771884,-0.7033609208823375
0,0,0,0,0,FALSE,0.23623889315115296,-1.4756202972771884,-0.7033609208823375
0,0,0,0,1,FALSE,0.23623889315115296,-0.7831665775466174,-0.7033609208823375
0,0,0,0,0,FALSE,0.23623889315115296,-0.7831665775466174,-0.7033609208823375
0,0,0,0,1,FALSE,0.23623889315115296,-0.7831665775466174,-0.7033609208823375
0,0,0,0,0,FALSE,0.23623889315115296,-0.7831665775466174,-0.7033609208823375
0,0,0,0,1,FALSE,0.23623889315115296,0.3049749820299939,-0.7033609208823375
0,0,0,0,2,FALSE,0.23623889315115296,0.3049749820299939,-0.7033609208823375
0,0,0,0,0,FALSE,0.23623889315115296,0.3049749820299939,-0.7033609208823375
0,0,0,0,0,FALSE,0.23623889315115296,0.3049749820299939,-0.7033609208823375
0,0,0,0,1,FALSE,0.23623889315115296,-1.4756202972771884,-0.7033609208823375
0,0,0,0,1,FALSE,0.23623889315115296,-1.4756202972771884,-0.7033609208823375
0,0,0,0,1,FALSE,0.23623889315115296,-1.4756202972771884,-0.7033609208823375
0,0,0,0,3,FALSE,0.23623889315115296,-1.4756202972771884,-0.7033609208823375
0,0,0,0,0,FALSE,0.9237307755605223,0.10713106210697365,-0.403231512886184
0,0,0,0,0,FALSE,0.9237307755605223,0.10713106210697365,-0.403231512886184
0,0,0,0,1,FALSE,0.9237307755605223,0.10713106210697365,-0.403231512886184
0,0,0,0,0,FALSE,0.913255300291731,0.10713106210697365,-0.43394988358109327
0,0,0,0,0,FALSE,0.913255300291731,0.10713106210697365,-0.43394988358109327
0,0,0,0,1,FALSE,0.913255300291731,0.10713106210697365,-0.43394988358109327
0,0,0,0,0,FALSE,0.924030021442165,0.10713106210697365,-0.42179134862140744
0,0,0,0,0,FALSE,0.924030021442165,0.10713106210697365,-0.42179134862140744
0,0,0,0,0,FALSE,0.924030021442165,0.10713106210697365,-0.42179134862140744
0,0,0,0,3,FALSE,0.8980211550154144,0.10713106210697365,-0.4104531963769989
0,0,0,0,0,FALSE,0.8980211550154144,0.10713106210697365,-0.4104531963769989
0,0,0,0,0,FALSE,0.8980211550154144,0.10713106210697365,-0.4104531963769989
0,0,0,0,1,FALSE,0.8944296764751652,0.10713106210697365,-0.3905225275885055
0,0,0,0,1,FALSE,0.8944296764751652,0.10713106210697365,-0.3905225275885055
0,0,0,0,0,FALSE,0.8944296764751652,0.10713106210697365,-0.3905225275885055
0,0,0,0,0,FALSE,0.8913638904039456,0.10713106210697365,-0.40932318534660067
0,0,0,0,0,FALSE,0.8913638904039456,0.10713106210697365,-0.40932318534660067
0,0,0,0,1,FALSE,0.8913638904039456,0.10713106210697365,-0.40932318534660067
0,0,0,0,0,FALSE,1.0996159499961484,0.10713106210697365,-0.26816773839659197
0,0,0,0,0,FALSE,1.0996159499961484,0.10713106210697365,-0.26816773839659197
0,0,0,0,0,FALSE,1.0996159499961484,0.10713106210697365,-0.26816773839659197
0,1,1,0,1,FALSE,1.1227411767395061,0.10713106210697365,-0.17369438354224137
0,0,0,0,0,FALSE,1.1227411767395061,0.10713106210697365,-0.17369438354224137
0,0,0,0,0,FALSE,1.1227411767395061,0.10713106210697365,-0.17369438354224137
0,0,1,0,0,FALSE,1.1291386632137068,0.10713106210697365,-0.09552381955765536
1,0,0,0,2,FALSE,1.1291386632137068,0.10713106210697365,-0.09552381955765536
0,0,0,0,0,FALSE,1.1291386632137068,0.10713106210697365,-0.09552381955765536
0,0,0,0,1,FALSE,1.1612472140434829,0.10713106210697365,0.14257406958010338
0,0,0,0,3,FALSE,1.1612472140434829,0.10713106210697365,0.14257406958010338
0,0,0,0,0,FALSE,1.1612472140434829,0.10713106210697365,0.14257406958010338
0,0,0,0,2,FALSE,1.1700824775213041,0.10713106210697365,0.2145289112985352
0,0,0,0,0,FALSE,1.1700824775213041,0.10713106210697365,0.2145289112985352
0,0,0,0,2,FALSE,1.1700824775213041,0.10713106210697365,0.2145289112985352
0,0,0,0,2,FALSE,1.1706511018023595,0.10713106210697365,0.25900523244843937
0,1,0,0,1,FALSE,1.1706511018023595,0.10713106210697365,0.25900523244843937
0,0,0,0,1,FALSE,1.1706511018023595,0.10713106210697365,0.25900523244843937
0,0,0,0,0,FALSE,0.8450755961533093,0.10713106210697365,0.40460629363659867
0,0,0,0,0,FALSE,0.8450755961533093,0.10713106210697365,0.40460629363659867
0,0,0,0,0,FALSE,0.8450755961533093,0.10713106210697365,0.40460629363659867
0,0,0,4,0,FALSE,0.8390836641875185,0.10713106210697365,0.41657594209208154
0,0,0,0,0,FALSE,0.8390836641875185,0.10713106210697365,0.41657594209208154
0,0,0,2,0,FALSE,0.8390836641875185,0.10713106210697365,0.41657594209208154
0,0,0,0,0,FALSE,0.8256151805923517,0.10713106210697365,0.49155627587258055
0,0,0,0,0,FALSE,0.8256151805923517,0.10713106210697365,0.49155627587258055
0,0,0,0,0,FALSE,0.8256151805923517,0.10713106210697365,0.49155627587258055
0,0,0,0,0,FALSE,0.8323852779144603,0.10713106210697365,0.48954699981911487
0,1,0,0,0,FALSE,0.8323852779144603,0.10713106210697365,0.48954699981911487
0,0,0,0,1,FALSE,0.8323852779144603,0.10713106210697365,0.48954699981911487
0,0,0,0,1,FALSE,0.8346525075001727,0.10713106210697365,0.47790980484300855
0,1,0,0,0,FALSE,0.8346525075001727,0.10713106210697365,0.47790980484300855
0,0,0,0,0,FALSE,0.8346525075001727,0.10713106210697365,0.47790980484300855
0,0,0,0,0,FALSE,0.8323852779144603,0.10713106210697365,0.48954699981911487
0,0,0,0,0,FALSE,0.8323852779144603,0.10713106210697365,0.48954699981911487
0,0,0,0,0,FALSE,0.8323852779144603,0.10713106210697365,0.48954699981911487
0,0,0,2,4,FALSE,-0.29420007585742874,0.10713106210697365,-0.7202316944626391
1,0,0,6,1,FALSE,-0.29420007585742874,0.10713106210697365,-0.7202316944626391
0,1,0,8,2,FALSE,-0.29420007585742874,0.10713106210697365,-0.7202316944626391
0,0,0,2,1,FALSE,-0.3154262985580541,0.10713106210697365,-0.7192392960167389
0,1,0,4,0,FALSE,-0.3154262985580541,0.10713106210697365,-0.7192392960167389
0,0,0,2,0,FALSE,-0.3154262985580541,0.10713106210697365,-0.7192392960167389
0,0,0,4,0,FALSE,-0.32423463066075453,0.10713106210697365,-0.7192392960167389
1,0,0,4,1,FALSE,-0.32423463066075453,0.10713106210697365,-0.7192392960167389
0,0,0,4,0,FALSE,-0.32423463066075453,0.10713106210697365,-0.7192392960167389
0,0,0,0,1,FALSE,-0.32423463066075453,0.10713106210697365,-0.7192392960167389
0,0,0,0,0,FALSE,-0.32423463066075453,0.10713106210697365,-0.7192392960167389
0,0,0,2,1,FALSE,-0.32423463066075453,0.10713106210697365,-0.7192392960167389
0,0,0,4,0,FALSE,-0.31112128134200534,0.10713106210697365,-0.7195700954987057
0,0,0,2,1,FALSE,-0.31112128134200534,0.10713106210697365,-0.7195700954987057
0,0,0,4,1,FALSE,-0.31112128134200534,0.10713106210697365,-0.7195700954987057
1,0,0,8,1,FALSE,-0.30939238834162913,0.10713106210697365,-0.7195700954987057
0,0,0,4,0,FALSE,-0.30939238834162913,0.10713106210697365,-0.7195700954987057
0,0,0,2,0,FALSE,-0.30939238834162913,0.10713106210697365,-0.7195700954987057
0,0,0,2,2,FALSE,0.4317460282996264,0.10713106210697365,-0.13253002680578768
0,0,0,4,1,FALSE,0.4317460282996264,0.10713106210697365,-0.13253002680578768
0,0,0,0,2,FALSE,0.4317460282996264,0.10713106210697365,-0.13253002680578768
0,0,0,4,3,FALSE,0.4317460282996264,0.10713106210697365,-0.13253002680578768
0,0,0,4,6,FALSE,0.4317460282996264,0.10713106210697365,-0.13253002680578768
0,0,0,26,3,FALSE,0.4317460282996264,0.10713106210697365,-0.13253002680578768
0,0,0,2,1,FALSE,0.44167414316765524,0.10713106210697365,-0.12066590338505216
1,0,0,4,1,FALSE,0.44167414316765524,0.10713106210697365,-0.12066590338505216
0,0,0,2,6,FALSE,0.44167414316765524,0.10713106210697365,-0.12066590338505216
1,1,0,2,0,FALSE,0.42620472682056554,0.10713106210697365,-0.13948409351569152
1,0,0,0,3,FALSE,0.42620472682056554,0.10713106210697365,-0.13948409351569152
1,0,0,12,1,FALSE,0.42620472682056554,0.10713106210697365,-0.13948409351569152
1,0,0,4,0,FALSE,0.4444447292589571,0.10713106210697365,-0.09576894197379263
2,0,0,4,1,FALSE,0.4444447292589571,0.10713106210697365,-0.09576894197379263
0,0,0,12,0,FALSE,0.4444447292589571,0.10713106210697365,-0.09576894197379263
1,0,0,4,1,FALSE,0.4444447292589571,0.10713106210697365,-0.09576894197379263
0,0,0,4,0,FALSE,0.4444447292589571,0.10713106210697365,-0.09576894197379263
2,0,0,6,0,FALSE,0.4444447292589571,0.10713106210697365,-0.09576894197379263
0,0,0,0,0,FALSE,-0.50641678512245,0.10713106210697365,-0.7116309079315051
0,0,0,2,0,FALSE,-0.50641678512245,0.10713106210697365,-0.7116309079315051
0,0,0,0,0,FALSE,-0.50641678512245,0.10713106210697365,-0.7116309079315051
0,0,0,0,0,FALSE,-0.523647256964307,0.10713106210697365,-0.7132849053413385
0,0,0,0,1,FALSE,-0.523647256964307,0.10713106210697365,-0.7132849053413385
0,0,0,2,0,FALSE,-0.523647256964307,0.10713106210697365,-0.7132849053413385
0,0,0,6,0,FALSE,-0.5315127862184689,0.10713106210697365,-0.7132849053413385
0,0,0,10,1,FALSE,-0.5315127862184689,0.10713106210697365,-0.7132849053413385
0,0,0,8,0,FALSE,-0.5315127862184689,0.10713106210697365,-0.7132849053413385
0,0,0,2,1,FALSE,-0.5215707127201287,0.10713106210697365,-0.7132849053413385
1,0,0,6,1,FALSE,-0.5215707127201287,0.10713106210697365,-0.7132849053413385
1,1,0,2,1,FALSE,-0.5215707127201287,0.10713106210697365,-0.7132849053413385
0,0,0,2,0,FALSE,-0.5212768919024486,0.10713106210697365,-0.712623306377405
1,0,0,0,0,FALSE,-0.5212768919024486,0.10713106210697365,-0.712623306377405
0,0,0,0,0,FALSE,-0.5212768919024486,0.10713106210697365,-0.712623306377405
1,2,0,0,0,FALSE,-0.5274478671410293,0.10713106210697365,-0.7113001084495383
0,0,0,8,0,FALSE,-0.5274478671410293,0.10713106210697365,-0.7113001084495383
0,0,0,2,0,FALSE,-0.5274478671410293,0.10713106210697365,-0.7113001084495383
0,0,0,0,4,TRUE,-0.2569048137024065,0.10713106210697365,-0.7212240929085391
0,0,0,0,11,TRUE,-0.2569048137024065,0.10713106210697365,-0.7212240929085391
0,0,0,0,12,TRUE,-0.2569048137024065,0.10713106210697365,-0.7212240929085391
0,2,0,0,4,TRUE,-0.2587512479595014,0.10713106210697365,-0.7195700954987057
0,1,0,0,7,TRUE,-0.2587512479595014,0.10713106210697365,-0.7195700954987057
0,2,0,0,0,TRUE,-0.2587512479595014,0.10713106210697365,-0.7195700954987057
0,0,0,0,2,TRUE,-0.2587512479595014,0.10713106210697365,-0.7195700954987057
0,1,0,0,7,TRUE,-0.2587512479595014,0.10713106210697365,-0.7195700954987057
0,0,0,0,4,TRUE,-0.2587512479595014,0.10713106210697365,-0.7195700954987057
0,0,0,0,6,TRUE,-0.2587512479595014,0.10713106210697365,-0.7195700954987057
0,0,0,0,4,TRUE,-0.2587512479595014,0.10713106210697365,-0.7195700954987057
0,1,0,0,3,TRUE,-0.2587512479595014,0.10713106210697365,-0.7195700954987057
0,1,0,0,6,TRUE,-0.25822718247092397,0.10713106210697365,-0.7208932934265725
0,0,0,0,1,TRUE,-0.25822718247092397,0.10713106210697365,-0.7208932934265725
0,1,0,0,1,TRUE,-0.25822718247092397,0.10713106210697365,-0.7208932934265725
1,0,0,0,2,TRUE,-0.25822718247092397,0.10713106210697365,-0.7208932934265725
0,0,0,0,1,TRUE,-0.25822718247092397,0.10713106210697365,-0.7208932934265725
0,1,0,0,4,TRUE,-0.25822718247092397,0.10713106210697365,-0.7208932934265725
0,0,0,0,3,FALSE,-0.2919551283616326,0.10713106210697365,-0.715931301197072
0,0,0,0,7,FALSE,-0.2919551283616326,0.10713106210697365,-0.715931301197072
0,0,0,0,6,FALSE,-0.2919551283616326,0.10713106210697365,-0.715931301197072
0,0,0,0,1,FALSE,-0.2919551283616326,0.10713106210697365,-0.715931301197072
0,0,0,0,5,FALSE,-0.2919551283616326,0.10713106210697365,-0.715931301197072
0,0,0,0,6,FALSE,-0.2919551283616326,0.10713106210697365,-0.715931301197072
0,0,0,0,2,FALSE,-0.30494457934772223,0.10713106210697365,-0.715931301197072
0,0,0,0,1,FALSE,-0.30494457934772223,0.10713106210697365,-0.715931301197072
0,0,0,0,2,FALSE,-0.30494457934772223,0.10713106210697365,-0.715931301197072
0,0,0,0,5,FALSE,-0.30494457934772223,0.10713106210697365,-0.715931301197072
0,0,0,0,4,FALSE,-0.30494457934772223,0.10713106210697365,-0.715931301197072
0,0,0,0,5,FALSE,-0.30494457934772223,0.10713106210697365,-0.715931301197072
0,0,0,0,6,FALSE,-0.2919551283616326,0.10713106210697365,-0.715931301197072
0,1,0,0,9,FALSE,-0.2919551283616326,0.10713106210697365,-0.715931301197072
0,0,0,0,1,FALSE,-0.2919551283616326,0.10713106210697365,-0.715931301197072
0,0,0,0,3,FALSE,-0.2880716822529617,0.10713106210697365,-0.715931301197072
0,0,0,0,8,FALSE,-0.2880716822529617,0.10713106210697365,-0.715931301197072
0,0,0,0,6,FALSE,-0.2880716822529617,0.10713106210697365,-0.715931301197072
0,0,0,4,1,FALSE,-0.6614558684494406,0.10713106210697365,-0.7447108561281746
0,0,0,6,1,FALSE,-0.6614558684494406,0.10713106210697365,-0.7447108561281746
0,0,0,4,1,FALSE,-0.6614558684494406,0.10713106210697365,-0.7447108561281746
0,0,0,6,1,FALSE,-0.656352521016689,0.10713106210697365,-0.7450416556101411
0,0,0,6,1,FALSE,-0.656352521016689,0.10713106210697365,-0.7450416556101411
0,0,0,8,1,FALSE,-0.656352521016689,0.10713106210697365,-0.7450416556101411
0,0,0,6,1,FALSE,-0.6519447723759304,0.10713106210697365,-0.7440492571642412
0,0,0,8,3,FALSE,-0.6519447723759304,0.10713106210697365,-0.7440492571642412
0,0,0,4,1,FALSE,-0.6519447723759304,0.10713106210697365,-0.7440492571642412
0,0,0,8,3,FALSE,-0.6519447723759304,0.10713106210697365,-0.7440492571642412
0,0,0,12,2,FALSE,-0.6519447723759304,0.10713106210697365,-0.7440492571642412
0,0,0,2,2,FALSE,-0.6519447723759304,0.10713106210697365,-0.7440492571642412
0,0,0,2,2,FALSE,-0.5834271519396632,0.10713106210697365,-0.624630644174264
0,0,0,2,3,FALSE,-0.5834271519396632,0.10713106210697365,-0.624630644174264
0,0,0,2,1,FALSE,-0.5834271519396632,0.10713106210697365,-0.624630644174264
0,0,0,6,4,FALSE,-0.5861404327624818,0.10713106210697365,-0.6464634099840659
0,0,0,0,1,FALSE,-0.5861404327624818,0.10713106210697365,-0.6464634099840659
0,0,0,6,2,FALSE,-0.5861404327624818,0.10713106210697365,-0.6464634099840659
0,1,0,6,1,FALSE,-0.6542907165689351,0.10713106210697365,-0.7437184576822745
0,0,0,4,2,FALSE,-0.6542907165689351,0.10713106210697365,-0.7437184576822745
0,0,0,12,3,FALSE,-0.6542907165689351,0.10713106210697365,-0.7437184576822745
0,0,0,6,4,FALSE,-0.6574790002611668,0.10713106210697365,-0.743056858718341
0,0,0,8,2,FALSE,-0.6574790002611668,0.10713106210697365,-0.743056858718341
0,0,0,10,3,FALSE,-0.6574790002611668,0.10713106210697365,-0.743056858718341
0,1,0,0,0,TRUE,-0.2969182160721992,0.10713106210697365,-0.7440492571642412
1,0,0,0,4,TRUE,-0.2969182160721992,0.10713106210697365,-0.7440492571642412
0,0,0,0,9,TRUE,-0.2969182160721992,0.10713106210697365,-0.7440492571642412
0,0,0,0,2,TRUE,-0.29515511338348327,0.10713106210697365,-0.7433876582003077
0,1,0,0,2,TRUE,-0.29515511338348327,0.10713106210697365,-0.7433876582003077
0,1,0,0,5,TRUE,-0.29515511338348327,0.10713106210697365,-0.7433876582003077
0,1,0,4,2,TRUE,-0.29515511338348327,0.10713106210697365,-0.7433876582003077
0,0,0,2,3,TRUE,-0.29515511338348327,0.10713106210697365,-0.7433876582003077
0,0,0,0,9,TRUE,-0.29515511338348327,0.10713106210697365,-0.7433876582003077
0,0,0,0,7,TRUE,-0.2969182160721992,0.10713106210697365,-0.7440492571642412
1,0,0,2,6,TRUE,-0.2969182160721992,0.10713106210697365,-0.7440492571642412
0,0,0,0,1,TRUE,-0.2969182160721992,0.10713106210697365,-0.7440492571642412
0,0,0,0,1,FALSE,-0.6086056818885399,0.10713106210697365,-0.6904597410856365
0,0,0,2,7,FALSE,-0.6086056818885399,0.10713106210697365,-0.6904597410856365
0,0,0,2,4,FALSE,-0.6086056818885399,0.10713106210697365,-0.6904597410856365
0,0,0,0,2,FALSE,-0.6086056818885399,0.10713106210697365,-0.6904597410856365
0,0,0,0,3,FALSE,-0.6086056818885399,0.10713106210697365,-0.6904597410856365
0,0,0,2,1,FALSE,-0.6086056818885399,0.10713106210697365,-0.6904597410856365
0,0,0,0,0,TRUE,-0.31033762627349554,0.10713106210697365,-0.7447108561281746
0,0,0,0,0,TRUE,-0.31033762627349554,0.10713106210697365,-0.7447108561281746
0,1,0,0,3,TRUE,-0.31033762627349554,0.10713106210697365,-0.7447108561281746
0,0,0,0,1,FALSE,-0.5982619974238145,0.10713106210697365,-0.7026993219184042
0,0,0,0,4,FALSE,-0.5982619974238145,0.10713106210697365,-0.7026993219184042
0,0,0,2,7,FALSE,-0.5982619974238145,0.10713106210697365,-0.7026993219184042
0,0,0,8,1,FALSE,-0.6052116659792588,0.10713106210697365,-0.7076613141479046
0,0,0,4,2,FALSE,-0.6052116659792588,0.10713106210697365,-0.7076613141479046
0,0,0,4,2,FALSE,-0.6052116659792588,0.10713106210697365,-0.7076613141479046
0,1,0,0,3,TRUE,-0.3123016071746621,0.10713106210697365,-0.7440492571642412
0,1,0,0,0,TRUE,-0.3123016071746621,0.10713106210697365,-0.7440492571642412
0,0,0,0,1,TRUE,-0.3123016071746621,0.10713106210697365,-0.7440492571642412
0,0,0,2,1,FALSE,-0.7526336901364743,0.10713106210697365,1.954079006356169
0,0,0,4,1,FALSE,-0.7526336901364743,0.10713106210697365,1.954079006356169
0,0,0,2,0,FALSE,-0.7526336901364743,0.10713106210697365,1.954079006356169
0,0,0,8,3,FALSE,-0.7350469580615273,0.10713106210697365,1.7498265354163507
0,0,0,0,1,FALSE,-0.7350469580615273,0.10713106210697365,1.7498265354163507
0,0,0,2,4,FALSE,-0.7350469580615273,0.10713106210697365,1.7498265354163507
0,0,0,2,1,FALSE,-0.7443579840254628,0.10713106210697365,-0.7235396892823059
0,1,0,0,0,FALSE,-0.7443579840254628,0.10713106210697365,-0.7235396892823059
0,0,0,4,0,FALSE,-0.7443579840254628,0.10713106210697365,-0.7235396892823059
0,0,0,4,1,FALSE,-0.7876079353784836,0.10713106210697365,1.8924609868502325
0,0,0,10,2,FALSE,-0.7876079353784836,0.10713106210697365,1.8924609868502325
0,0,0,2,3,FALSE,-0.7876079353784836,0.10713106210697365,1.8924609868502325
0,0,0,8,2,FALSE,-0.7876079353784836,0.10713106210697365,1.8924609868502325
0,0,0,2,5,FALSE,-0.7876079353784836,0.10713106210697365,1.8924609868502325
0,0,0,8,1,FALSE,-0.7876079353784836,0.10713106210697365,1.8924609868502325
0,0,0,2,0,FALSE,-0.7905905676639561,0.10713106210697365,1.8513591512158707
0,0,0,2,0,FALSE,-0.7905905676639561,0.10713106210697365,1.8513591512158707
0,1,0,6,4,FALSE,-0.7905905676639561,0.10713106210697365,1.8513591512158707
0,0,0,2,0,FALSE,-0.7475993762385839,0.10713106210697365,-0.7228780903183726
0,0,0,0,1,FALSE,-0.7475993762385839,0.10713106210697365,-0.7228780903183726
0,0,0,8,1,FALSE,-0.7475993762385839,0.10713106210697365,-0.7228780903183726
0,1,0,8,2,FALSE,-0.7475993762385839,0.10713106210697365,-0.7228780903183726
0,0,0,2,1,FALSE,-0.7475993762385839,0.10713106210697365,-0.7228780903183726
0,0,0,4,1,FALSE,-0.7475993762385839,0.10713106210697365,-0.7228780903183726
0,0,0,4,2,FALSE,-0.7939367600451455,0.10713106210697365,1.8102579771804725
0,0,0,14,0,FALSE,-0.7939367600451455,0.10713106210697365,1.8102579771804725
0,0,0,6,1,FALSE,-0.7939367600451455,0.10713106210697365,1.8102579771804725
0,0,0,6,0,FALSE,-0.7542347681989271,0.10713106210697365,-0.7222164913544392
0,0,0,2,1,FALSE,-0.7542347681989271,0.10713106210697365,-0.7222164913544392
0,0,0,4,0,FALSE,-0.7542347681989271,0.10713106210697365,-0.7222164913544392
0,0,0,4,1,FALSE,-0.7499453042695298,0.10713106210697365,-0.7228780903183726
0,0,0,4,0,FALSE,-0.7499453042695298,0.10713106210697365,-0.7228780903183726
0,0,0,2,1,FALSE,-0.7499453042695298,0.10713106210697365,-0.7228780903183726
0,0,0,4,0,FALSE,-0.7542347681989271,0.10713106210697365,-0.7222164913544392
0,0,0,4,0,FALSE,-0.7542347681989271,0.10713106210697365,-0.7222164913544392
0,0,0,6,0,FALSE,-0.7542347681989271,0.10713106210697365,-0.7222164913544392
0,0,0,0,3,FALSE,-0.2530355955916709,0.10713106210697365,-0.727840082547873
0,0,0,0,1,FALSE,-0.2530355955916709,0.10713106210697365,-0.727840082547873
0,0,0,2,3,FALSE,-0.2530355955916709,0.10713106210697365,-0.727840082547873
0,0,0,0,1,FALSE,-0.2505377980939133,0.10713106210697365,-0.7271784835839397
0,0,0,0,0,FALSE,-0.2505377980939133,0.10713106210697365,-0.7271784835839397
0,0,0,0,2,FALSE,-0.2505377980939133,0.10713106210697365,-0.7271784835839397
0,0,0,2,3,FALSE,-0.24786863968802086,0.10713106210697365,-0.7268476841019729
0,0,0,0,1,FALSE,-0.24786863968802086,0.10713106210697365,-0.7268476841019729
0,0,0,0,2,FALSE,-0.24786863968802086,0.10713106210697365,-0.7268476841019729
0,0,0,0,1,FALSE,-0.24632593897719443,0.10713106210697365,-0.7265168846200063
0,0,0,0,2,FALSE,-0.24632593897719443,0.10713106210697365,-0.7265168846200063
0,0,0,0,4,FALSE,-0.24632593897719443,0.10713106210697365,-0.7265168846200063
0,0,0,2,0,FALSE,-0.24447469381432227,0.10713106210697365,-0.7265168846200063
0,0,0,2,1,FALSE,-0.24447469381432227,0.10713106210697365,-0.7265168846200063
0,0,0,0,2,FALSE,-0.24447469381432227,0.10713106210697365,-0.7265168846200063
0,0,0,0,3,FALSE,-0.23693233028687735,0.10713106210697365,-0.7271784835839397
0,0,0,0,5,FALSE,-0.23693233028687735,0.10713106210697365,-0.7271784835839397
0,0,0,0,7,FALSE,-0.23693233028687735,0.10713106210697365,-0.7271784835839397
0,0,0,2,0,FALSE,-0.45177999624125403,0.10713106210697365,-0.707330514665938
0,0,0,0,1,FALSE,-0.45177999624125403,0.10713106210697365,-0.707330514665938
0,0,0,0,0,FALSE,-0.45177999624125403,0.10713106210697365,-0.707330514665938
0,0,0,2,1,FALSE,-0.4489665914723302,0.10713106210697365,-0.7083229131118379
0,0,0,0,0,FALSE,-0.4489665914723302,0.10713106210697365,-0.7083229131118379
0,0,0,0,1,FALSE,-0.4489665914723302,0.10713106210697365,-0.7083229131118379
0,0,0,0,0,FALSE,-0.45177999624125403,0.10713106210697365,-0.707330514665938
0,0,0,0,1,FALSE,-0.45177999624125403,0.10713106210697365,-0.707330514665938
0,0,0,0,1,FALSE,-0.45177999624125403,0.10713106210697365,-0.707330514665938
0,0,0,0,0,FALSE,-0.4660864717421868,0.10713106210697365,-0.7083229131118379
0,0,0,0,0,FALSE,-0.4660864717421868,0.10713106210697365,-0.7083229131118379
0,0,0,2,0,FALSE,-0.4660864717421868,0.10713106210697365,-0.7083229131118379
0,0,0,0,0,FALSE,-0.4660864717421868,0.10713106210697365,-0.7083229131118379
0,0,0,0,0,FALSE,-0.4660864717421868,0.10713106210697365,-0.7083229131118379
0,0,0,2,2,FALSE,-0.4660864717421868,0.10713106210697365,-0.7083229131118379
0,0,0,8,1,FALSE,-0.4660864717421868,0.10713106210697365,-0.7083229131118379
0,0,0,0,0,FALSE,-0.4660864717421868,0.10713106210697365,-0.7083229131118379
0,0,0,0,4,FALSE,-0.4660864717421868,0.10713106210697365,-0.7083229131118379
0,0,0,4,1,FALSE,0.21366564376964428,0.10713106210697365,-0.7794448017346777
0,0,0,0,0,FALSE,0.21366564376964428,0.10713106210697365,-0.7794448017346777
0,0,0,0,1,FALSE,0.21366564376964428,0.10713106210697365,-0.7794448017346777
0,0,0,0,2,FALSE,-0.38573106004986474,0.10713106210697365,-0.7328020747773735
0,0,0,0,2,FALSE,-0.38573106004986474,0.10713106210697365,-0.7328020747773735
0,0,0,0,1,FALSE,-0.38573106004986474,0.10713106210697365,-0.7328020747773735
0,0,0,2,1,FALSE,0.20673392587271058,0.10713106210697365,-0.7794448017346777
0,0,0,2,3,FALSE,0.20673392587271058,0.10713106210697365,-0.7794448017346777
0,0,0,2,1,FALSE,0.20673392587271058,0.10713106210697365,-0.7794448017346777
0,0,0,2,1,FALSE,-0.37754226270928953,0.10713106210697365,-0.7314788768495066
0,0,0,0,5,FALSE,-0.37754226270928953,0.10713106210697365,-0.7314788768495066
0,0,0,4,2,FALSE,-0.37754226270928953,0.10713106210697365,-0.7314788768495066
0,0,0,2,0,FALSE,-0.3803077577524842,0.10713106210697365,-0.7318096763314734
0,0,0,2,0,FALSE,-0.3803077577524842,0.10713106210697365,-0.7318096763314734
0,0,0,2,0,FALSE,-0.3803077577524842,0.10713106210697365,-0.7318096763314734
0,1,0,2,1,FALSE,-0.38573106004986474,0.10713106210697365,-0.7328020747773735
0,1,0,2,1,FALSE,-0.38573106004986474,0.10713106210697365,-0.7328020747773735
0,0,0,2,4,FALSE,-0.38573106004986474,0.10713106210697365,-0.7328020747773735
0,0,0,0,6,FALSE,-0.3803077577524842,0.10713106210697365,-0.7318096763314734
0,0,0,0,2,FALSE,-0.3803077577524842,0.10713106210697365,-0.7318096763314734
0,0,0,0,3,FALSE,-0.3803077577524842,0.10713106210697365,-0.7318096763314734
0,0,0,0,2,FALSE,0.13813499951260144,0.10713106210697365,-0.7804372001805777
0,0,0,2,3,FALSE,0.13813499951260144,0.10713106210697365,-0.7804372001805777
0,0,0,0,12,FALSE,0.13813499951260144,0.10713106210697365,-0.7804372001805777
0,0,0,0,3,FALSE,0.14427664061685302,0.10713106210697365,-0.7810987991445111
0,0,0,0,5,FALSE,0.14427664061685302,0.10713106210697365,-0.7810987991445111
0,0,0,6,0,FALSE,0.14427664061685302,0.10713106210697365,-0.7810987991445111
0,0,0,2,1,FALSE,0.14427664061685302,0.10713106210697365,-0.7810987991445111
0,0,0,4,2,FALSE,0.14427664061685302,0.10713106210697365,-0.7810987991445111
0,0,0,0,2,FALSE,0.14427664061685302,0.10713106210697365,-0.7810987991445111
0,0,0,2,1,FALSE,0.14427664061685302,0.10713106210697365,-0.7810987991445111
0,0,0,0,2,FALSE,0.14427664061685302,0.10713106210697365,-0.7810987991445111
0,1,0,0,1,FALSE,0.14427664061685302,0.10713106210697365,-0.7810987991445111
0,0,0,2,2,TRUE,-0.5108014812818868,0.10713106210697365,-0.6749121654332018
0,0,0,4,1,TRUE,-0.5108014812818868,0.10713106210697365,-0.6749121654332018
0,0,0,0,0,TRUE,-0.5108014812818868,0.10713106210697365,-0.6749121654332018
0,1,0,0,4,TRUE,-0.4770407910627175,0.10713106210697365,-0.6831821524823691
0,0,0,0,1,TRUE,-0.4770407910627175,0.10713106210697365,-0.6831821524823691
0,0,0,0,3,TRUE,-0.4770407910627175,0.10713106210697365,-0.6831821524823691
0,1,0,0,2,TRUE,-0.5005355686377676,0.10713106210697365,-0.6732581680233682
0,0,0,0,2,TRUE,-0.5005355686377676,0.10713106210697365,-0.6732581680233682
0,0,0,0,1,TRUE,-0.5005355686377676,0.10713106210697365,-0.6732581680233682
0,1,0,0,0,TRUE,-0.4994581789492172,0.10713106210697365,-0.6643265820102674
0,0,0,0,0,TRUE,-0.4994581789492172,0.10713106210697365,-0.6643265820102674
0,0,0,0,2,TRUE,-0.4994581789492172,0.10713106210697365,-0.6643265820102674
0,1,0,0,0,TRUE,-0.4994581789492172,0.10713106210697365,-0.6643265820102674
0,0,0,0,4,TRUE,-0.4994581789492172,0.10713106210697365,-0.6643265820102674
0,0,0,0,1,TRUE,-0.4994581789492172,0.10713106210697365,-0.6643265820102674
0,0,0,0,1,TRUE,-0.4994581789492172,0.10713106210697365,-0.6643265820102674
0,2,0,0,1,TRUE,-0.4994581789492172,0.10713106210697365,-0.6643265820102674
0,1,0,0,2,TRUE,-0.4994581789492172,0.10713106210697365,-0.6643265820102674
0,0,0,12,1,FALSE,-0.7641693586646539,0.10713106210697365,-0.6874825457479362
0,0,0,10,1,FALSE,-0.7641693586646539,0.10713106210697365,-0.6874825457479362
0,0,0,10,2,FALSE,-0.7641693586646539,0.10713106210697365,-0.6874825457479362
0,0,0,0,3,FALSE,-0.7577815047767136,0.10713106210697365,-0.6838437514463025
0,0,0,2,5,FALSE,-0.7577815047767136,0.10713106210697365,-0.6838437514463025
0,0,0,0,4,FALSE,-0.7577815047767136,0.10713106210697365,-0.6838437514463025
0,0,0,8,1,FALSE,-0.7577815047767136,0.10713106210697365,-0.6838437514463025
0,0,0,6,1,FALSE,-0.7577815047767136,0.10713106210697365,-0.6838437514463025
0,0,0,6,0,FALSE,-0.7577815047767136,0.10713106210697365,-0.6838437514463025
0,1,0,4,0,FALSE,-0.7577815047767136,0.10713106210697365,-0.6838437514463025
0,0,0,8,2,FALSE,-0.7577815047767136,0.10713106210697365,-0.6838437514463025
0,0,0,10,1,FALSE,-0.7577815047767136,0.10713106210697365,-0.6838437514463025
0,0,0,2,1,FALSE,-0.7577815047767136,0.10713106210697365,-0.6838437514463025
0,0,0,0,1,FALSE,-0.7577815047767136,0.10713106210697365,-0.6838437514463025
0,0,0,8,1,FALSE,-0.7577815047767136,0.10713106210697365,-0.6838437514463025
0,0,0,8,1,FALSE,-0.7630149729342555,0.10713106210697365,-0.6831821524823691
0,0,0,0,0,FALSE,-0.7630149729342555,0.10713106210697365,-0.6831821524823691
0,0,0,6,0,FALSE,-0.7630149729342555,0.10713106210697365,-0.6831821524823691
0,0,0,0,1,TRUE,-0.587695287340536,0.10713106210697365,-0.7347868716691737
0,0,0,0,0,TRUE,-0.587695287340536,0.10713106210697365,-0.7347868716691737
1,0,0,4,2,TRUE,-0.587695287340536,0.10713106210697365,-0.7347868716691737
0,0,0,0,2,TRUE,-0.5859925176124028,0.10713106210697365,-0.7337944732232735
0,0,0,4,2,TRUE,-0.5859925176124028,0.10713106210697365,-0.7337944732232735
0,0,0,2,0,TRUE,-0.5859925176124028,0.10713106210697365,-0.7337944732232735
0,0,0,0,3,TRUE,-0.5859925176124028,0.10713106210697365,-0.7337944732232735
0,0,0,2,1,TRUE,-0.5859925176124028,0.10713106210697365,-0.7337944732232735
0,0,0,0,2,TRUE,-0.5859925176124028,0.10713106210697365,-0.7337944732232735
0,0,0,0,1,TRUE,-0.5549479096393513,0.10713106210697365,-0.7331328742593403
0,0,0,2,2,TRUE,-0.5549479096393513,0.10713106210697365,-0.7331328742593403
0,0,0,0,2,TRUE,-0.5549479096393513,0.10713106210697365,-0.7331328742593403
0,0,0,0,0,TRUE,-0.5549479096393513,0.10713106210697365,-0.7331328742593403
0,0,0,0,1,TRUE,-0.5549479096393513,0.10713106210697365,-0.7331328742593403
0,0,0,0,3,TRUE,-0.5549479096393513,0.10713106210697365,-0.7331328742593403
0,0,0,2,1,TRUE,-0.5549479096393513,0.10713106210697365,-0.7331328742593403
0,0,0,4,3,TRUE,-0.5549479096393513,0.10713106210697365,-0.7331328742593403
0,0,0,0,1,TRUE,-0.5549479096393513,0.10713106210697365,-0.7331328742593403
0,0,0,4,1,TRUE,-0.7222250106391892,0.10713106210697365,-0.6914521395315365
0,0,0,4,2,TRUE,-0.7222250106391892,0.10713106210697365,-0.6914521395315365
0,0,0,0,0,TRUE,-0.7222250106391892,0.10713106210697365,-0.6914521395315365
0,0,0,6,1,TRUE,-0.7324609696034409,0.10713106210697365,-0.6864901473020361
0,0,0,8,1,TRUE,-0.7324609696034409,0.10713106210697365,-0.6864901473020361
0,0,0,22,0,TRUE,-0.7324609696034409,0.10713106210697365,-0.6864901473020361
0,0,0,10,0,TRUE,-0.8718139680407295,0.10713106210697365,-0.661680186154534
0,0,0,8,0,TRUE,-0.8718139680407295,0.10713106210697365,-0.661680186154534
0,1,0,10,1,TRUE,-0.8718139680407295,0.10713106210697365,-0.661680186154534
0,1,0,6,0,TRUE,-0.8718139680407295,0.10713106210697365,-0.661680186154534
0,0,0,14,0,TRUE,-0.8718139680407295,0.10713106210697365,-0.661680186154534
0,0,0,6,1,TRUE,-0.8718139680407295,0.10713106210697365,-0.661680186154534
0,0,0,4,1,TRUE,-0.8160247598127973,0.10713106210697365,-0.5771089829933743
0,0,0,4,1,TRUE,-0.8160247598127973,0.10713106210697365,-0.5771089829933743
0,0,0,6,2,TRUE,-0.8160247598127973,0.10713106210697365,-0.5771089829933743
0,0,0,6,0,TRUE,-0.8191204079788922,0.10713106210697365,-0.5750911061533776
0,0,0,2,2,TRUE,-0.8191204079788922,0.10713106210697365,-0.5750911061533776
0,0,0,4,1,TRUE,-0.8191204079788922,0.10713106210697365,-0.5750911061533776
0,0,0,4,3,TRUE,-0.8191204079788922,0.10713106210697365,-0.5750911061533776
0,0,0,4,2,TRUE,-0.8191204079788922,0.10713106210697365,-0.5750911061533776
0,0,0,4,4,TRUE,-0.8191204079788922,0.10713106210697365,-0.5750911061533776
0,0,0,4,3,TRUE,-0.8191204079788922,0.10713106210697365,-0.5750911061533776
0,0,0,6,2,TRUE,-0.8191204079788922,0.10713106210697365,-0.5750911061533776
0,0,0,2,2,TRUE,-0.8191204079788922,0.10713106210697365,-0.5750911061533776
0,0,0,4,2,TRUE,-0.8191204079788922,0.10713106210697365,-0.5750911061533776
0,0,0,6,2,TRUE,-0.8191204079788922,0.10713106210697365,-0.5750911061533776
0,0,0,4,1,TRUE,-0.8191204079788922,0.10713106210697365,-0.5750911061533776
0,0,0,6,2,TRUE,-0.8191204079788922,0.10713106210697365,-0.5750911061533776
0,0,0,8,0,TRUE,-0.8191204079788922,0.10713106210697365,-0.5750911061533776
0,0,0,6,4,TRUE,-0.8191204079788922,0.10713106210697365,-0.5750911061533776
0,0,0,0,3,TRUE,-0.7684484842646151,0.10713106210697365,-0.7354484706331071
0,0,0,4,8,TRUE,-0.7684484842646151,0.10713106210697365,-0.7354484706331071
0,0,0,2,1,TRUE,-0.7684484842646151,0.10713106210697365,-0.7354484706331071
1,2,0,8,3,TRUE,-0.7670869925422823,0.10713106210697365,-0.7384256659708074
0,0,0,2,5,TRUE,-0.7670869925422823,0.10713106210697365,-0.7384256659708074
0,0,0,4,2,TRUE,-0.7670869925422823,0.10713106210697365,-0.7384256659708074
0,1,0,4,2,TRUE,-0.8004885402947799,0.10713106210697365,-0.7199008949806723
0,0,0,12,3,TRUE,-0.8004885402947799,0.10713106210697365,-0.7199008949806723
0,1,0,18,4,TRUE,-0.8004885402947799,0.10713106210697365,-0.7199008949806723
0,1,0,6,1,TRUE,-0.7882445534353688,0.10713106210697365,-0.7228780903183726
0,2,0,6,3,TRUE,-0.7882445534353688,0.10713106210697365,-0.7228780903183726
0,0,0,10,6,TRUE,-0.7882445534353688,0.10713106210697365,-0.7228780903183726
0,0,0,4,1,TRUE,-0.7934278922779542,0.10713106210697365,-0.7235396892823059
0,0,0,6,2,TRUE,-0.7934278922779542,0.10713106210697365,-0.7235396892823059
0,0,0,6,3,TRUE,-0.7934278922779542,0.10713106210697365,-0.7235396892823059
0,1,0,8,0,TRUE,-1.6293206700180265,0.10713106210697365,-0.0150604843635582
0,0,0,8,0,TRUE,-1.6293206700180265,0.10713106210697365,-0.0150604843635582
0,1,0,4,0,TRUE,-1.6293206700180265,0.10713106210697365,-0.0150604843635582
0,0,0,4,0,TRUE,-1.6293206700180265,0.10713106210697365,-0.0150604843635582
0,0,0,2,2,TRUE,-1.6293206700180265,0.10713106210697365,-0.0150604843635582
0,0,0,4,0,TRUE,-1.6293206700180265,0.10713106210697365,-0.0150604843635582
0,2,0,4,0,TRUE,-1.6293206700180265,0.10713106210697365,-0.0150604843635582
0,1,0,4,0,TRUE,-1.6293206700180265,0.10713106210697365,-0.0150604843635582
0,1,0,10,1,TRUE,-1.6293206700180265,0.10713106210697365,-0.0150604843635582
0,1,0,8,0,TRUE,-1.6293206700180265,0.10713106210697365,-0.0150604843635582
0,1,0,2,0,TRUE,-1.6293206700180265,0.10713106210697365,-0.0150604843635582
0,0,0,2,0,TRUE,-1.6293206700180265,0.10713106210697365,-0.0150604843635582
0,0,0,2,0,TRUE,-1.6293206700180265,0.10713106210697365,-0.0150604843635582
0,1,0,2,0,TRUE,-1.6293206700180265,0.10713106210697365,-0.0150604843635582
0,0,0,2,0,TRUE,-1.6293206700180265,0.10713106210697365,-0.0150604843635582
0,1,0,6,1,TRUE,-1.6293206700180265,0.10713106210697365,-0.0150604843635582
0,0,0,6,2,TRUE,-1.6293206700180265,0.10713106210697365,-0.0150604843635582
0,1,0,2,2,TRUE,-1.6293206700180265,0.10713106210697365,-0.0150604843635582
0,0,0,2,2,FALSE,-1.6293206700180265,0.10713106210697365,-0.0150604843635582
0,0,0,0,0,FALSE,-1.6293206700180265,0.10713106210697365,-0.0150604843635582
0,0,0,2,1,FALSE,-1.6293206700180265,0.10713106210697365,-0.0150604843635582
0,0,0,2,0,FALSE,-1.6293206700180265,0.10713106210697365,-0.0150604843635582
0,0,0,0,0,FALSE,-1.6293206700180265,0.10713106210697365,-0.0150604843635582
0,0,0,4,2,FALSE,-1.6293206700180265,0.10713106210697365,-0.0150604843635582
0,0,0,0,0,FALSE,-1.639624105572268,0.10713106210697365,-0.02623919125765884
0,0,0,0,0,FALSE,-1.639624105572268,0.10713106210697365,-0.02623919125765884
0,0,0,2,3,FALSE,-1.639624105572268,0.10713106210697365,-0.02623919125765884
0,0,0,2,1,FALSE,-1.639624105572268,0.10713106210697365,-0.02623919125765884
0,0,0,2,0,FALSE,-1.639624105572268,0.10713106210697365,-0.02623919125765884
0,0,0,4,1,FALSE,-1.639624105572268,0.10713106210697365,-0.02623919125765884
0,0,0,2,1,FALSE,-1.6483881482501144,0.10713106210697365,-0.04706632664228198
0,0,0,0,1,FALSE,-1.6483881482501144,0.10713106210697365,-0.04706632664228198
0,0,0,4,0,FALSE,-1.6483881482501144,0.10713106210697365,-0.04706632664228198
0,0,0,0,1,FALSE,-1.6540351926839316,0.10713106210697365,-0.05184670995618269
0,0,0,2,2,FALSE,-1.6540351926839316,0.10713106210697365,-0.05184670995618269
0,0,0,0,0,FALSE,-1.6540351926839316,0.10713106210697365,-0.05184670995618269
0,0,0,8,3,FALSE,-0.8348206777677117,0.10713106210697365,-0.7010453245085706
0,0,0,4,3,FALSE,-0.8348206777677117,0.10713106210697365,-0.7010453245085706
0,0,0,4,2,FALSE,-0.8348206777677117,0.10713106210697365,-0.7010453245085706
0,0,0,4,0,FALSE,-0.8356826002932561,0.10713106210697365,-0.7040225198462708
0,0,0,2,0,FALSE,-0.8356826002932561,0.10713106210697365,-0.7040225198462708
0,0,0,2,0,FALSE,-0.8356826002932561,0.10713106210697365,-0.7040225198462708
0,0,0,4,0,FALSE,-0.8373675217225769,0.10713106210697365,-0.676896962325002
0,0,0,2,0,FALSE,-0.8373675217225769,0.10713106210697365,-0.676896962325002
0,0,0,8,0,FALSE,-0.8373675217225769,0.10713106210697365,-0.676896962325002
0,0,0,4,0,TRUE,-1.7126898798299985,0.10713106210697365,-0.06190433740589809
0,0,0,0,0,TRUE,-1.7126898798299985,0.10713106210697365,-0.06190433740589809
0,0,0,6,1,TRUE,-1.7126898798299985,0.10713106210697365,-0.06190433740589809
0,0,0,2,1,TRUE,-1.7135469106394792,0.10713106210697365,-0.05867242646708344
0,0,0,4,2,TRUE,-1.7135469106394792,0.10713106210697365,-0.05867242646708344
0,0,0,2,1,TRUE,-1.7135469106394792,0.10713106210697365,-0.05867242646708344
0,0,0,10,0,TRUE,-1.704458985717034,0.10713106210697365,-0.06710649005930641
0,0,0,2,2,TRUE,-1.704458985717034,0.10713106210697365,-0.06710649005930641
0,0,0,6,0,TRUE,-1.704458985717034,0.10713106210697365,-0.06710649005930641
0,0,0,4,1,TRUE,-1.7036389660191884,0.10713106210697365,-0.06752925179725984
0,0,0,4,1,TRUE,-1.7036389660191884,0.10713106210697365,-0.06752925179725984
0,0,0,8,0,TRUE,-1.7036389660191884,0.10713106210697365,-0.06752925179725984
0,0,0,6,0,TRUE,-1.715706581732644,0.10713106210697365,-0.06006509228616328
0,0,0,6,0,TRUE,-1.715706581732644,0.10713106210697365,-0.06006509228616328
0,1,0,4,0,TRUE,-1.715706581732644,0.10713106210697365,-0.06006509228616328
0,0,0,4,1,TRUE,-1.7579134769945601,0.10713106210697365,-0.038050386761279725
0,0,0,4,3,TRUE,-1.7579134769945601,0.10713106210697365,-0.038050386761279725
0,0,0,8,2,TRUE,-1.7579134769945601,0.10713106210697365,-0.038050386761279725
0,1,0,6,3,TRUE,-0.7272532853149335,0.10713106210697365,-0.7916843825674452
0,1,0,4,1,TRUE,-0.7272532853149335,0.10713106210697365,-0.7916843825674452
0,0,0,8,3,TRUE,-0.7272532853149335,0.10713106210697365,-0.7916843825674452
0,0,0,4,1,TRUE,-0.7272532853149335,0.10713106210697365,-0.7916843825674452
0,1,0,4,2,TRUE,-0.7272532853149335,0.10713106210697365,-0.7916843825674452
0,3,0,6,1,TRUE,-0.7272532853149335,0.10713106210697365,-0.7916843825674452
0,3,0,6,3,TRUE,-0.7272532853149335,0.10713106210697365,-0.7916843825674452
0,0,0,4,0,TRUE,-0.7272532853149335,0.10713106210697365,-0.7916843825674452
0,1,0,2,2,TRUE,-0.7272532853149335,0.10713106210697365,-0.7916843825674452
0,1,0,6,3,TRUE,-0.7272532853149335,0.10713106210697365,-0.7916843825674452
0,0,0,8,2,TRUE,-0.7272532853149335,0.10713106210697365,-0.7916843825674452
0,0,0,8,2,TRUE,-0.7272532853149335,0.10713106210697365,-0.7916843825674452
0,0,0,2,2,FALSE,-0.7460641531730198,0.10713106210697365,-0.7933383799772789
0,0,0,2,2,FALSE,-0.7460641531730198,0.10713106210697365,-0.7933383799772789
0,0,0,4,1,FALSE,-0.7460641531730198,0.10713106210697365,-0.7933383799772789
0,0,0,2,0,FALSE,-0.7465451629404631,0.10713106210697365,-0.7939999789412121
0,0,0,6,3,FALSE,-0.7465451629404631,0.10713106210697365,-0.7939999789412121
0,0,0,8,2,FALSE,-0.7465451629404631,0.10713106210697365,-0.7939999789412121
0,0,0,4,2,FALSE,-0.7404074599908853,0.10713106210697365,-0.7939999789412121
0,0,0,6,2,FALSE,-0.7404074599908853,0.10713106210697365,-0.7939999789412121
0,0,0,4,1,FALSE,-0.7404074599908853,0.10713106210697365,-0.7939999789412121
0,0,0,2,1,FALSE,-0.7404074599908853,0.10713106210697365,-0.7939999789412121
0,0,0,2,0,FALSE,-0.7404074599908853,0.10713106210697365,-0.7939999789412121
0,0,0,2,2,FALSE,-0.7404074599908853,0.10713106210697365,-0.7939999789412121
0,0,0,4,1,FALSE,-0.7404074599908853,0.10713106210697365,-0.7939999789412121
0,0,0,2,2,FALSE,-0.7404074599908853,0.10713106210697365,-0.7939999789412121
0,0,0,2,2,FALSE,-0.7404074599908853,0.10713106210697365,-0.7939999789412121
0,0,0,2,4,FALSE,-0.7354915008399385,0.10713106210697365,-0.7953231768690789
0,0,0,4,2,FALSE,-0.7354915008399385,0.10713106210697365,-0.7953231768690789
0,0,0,0,0,FALSE,-0.7354915008399385,0.10713106210697365,-0.7953231768690789
